1000;Kangar;PERLIS
1007;Kangar;PERLIS
1009;Kangar;PERLIS
1500;Kangar;PERLIS
1502;Kangar;PERLIS
1503;Kangar;PERLIS
1504;Kangar;PERLIS
1505;Kangar;PERLIS
1506;Kangar;PERLIS
1508;Kangar;PERLIS
1512;Kangar;PERLIS
1514;Kangar;PERLIS
1516;Kangar;PERLIS
1517;Kangar;PERLIS
1518;Kangar;PERLIS
1524;Kangar;PERLIS
1529;Kangar;PERLIS
1532;Kangar;PERLIS
1538;Kangar;PERLIS
1540;Kangar;PERLIS
1546;Kangar;PERLIS
1550;Kangar;PERLIS
1551;Kangar;PERLIS
1556;Kangar;PERLIS
1560;Kangar;PERLIS
1564;Kangar;PERLIS
1570;Kangar;PERLIS
1572;Kangar;PERLIS
1576;Kangar;PERLIS
1578;Kangar;PERLIS
1582;Kangar;PERLIS
1586;Kangar;PERLIS
1590;Kangar;PERLIS
1592;Kangar;PERLIS
1594;Kangar;PERLIS
1596;Kangar;PERLIS
1598;Kangar;PERLIS
1600;Kangar;PERLIS
1604;Kangar;PERLIS
1606;Kangar;PERLIS
1608;Kangar;PERLIS
1609;Kangar;PERLIS
1610;Kangar;PERLIS
1612;Kangar;PERLIS
1614;Kangar;PERLIS
1620;Kangar;PERLIS
1622;Kangar;PERLIS
1626;Kangar;PERLIS
1628;Kangar;PERLIS
1630;Kangar;PERLIS
1632;Kangar;PERLIS
1634;Kangar;PERLIS
1644;Kangar;PERLIS
1646;Kangar;PERLIS
1648;Kangar;PERLIS
1660;Kangar;PERLIS
1664;Kangar;PERLIS
1670;Kangar;PERLIS
1672;Kangar;PERLIS
1673;Kangar;PERLIS
1674;Kangar;PERLIS
1676;Kangar;PERLIS
1680;Kangar;PERLIS
1694;Kangar;PERLIS
2000;Kuala Perlis;PERLIS
2100;Padang Besar;PERLIS
2200;Kaki Bukit;PERLIS
2400;Kangar;PERLIS
2450;Kangar;PERLIS
2500;Kangar;PERLIS
2600;Arau;PERLIS
2607;Arau;PERLIS
2609;Arau;PERLIS
2700;Simpang Ampat;PERLIS
2707;Simpang Ampat;PERLIS
2709;Simpang Ampat;PERLIS
2800;Simpang Ampat;PERLIS
5000;Alor Setar;KEDAH
5050;Alor Setar;KEDAH
5100;Alor Setar;KEDAH
5150;Alor Setar;KEDAH
5200;Alor Setar;KEDAH
5250;Alor Setar;KEDAH
5300;Alor Setar;KEDAH
5350;Alor Setar;KEDAH
5400;Alor Setar;KEDAH
5460;Alor Setar;KEDAH
5500;Alor Setar;KEDAH
5502;Alor Setar;KEDAH
5503;Alor Setar;KEDAH
5504;Alor Setar;KEDAH
5505;Alor Setar;KEDAH
5506;Alor Setar;KEDAH
5508;Alor Setar;KEDAH
5512;Alor Setar;KEDAH
5514;Alor Setar;KEDAH
5516;Alor Setar;KEDAH
5517;Alor Setar;KEDAH
5518;Alor Setar;KEDAH
5520;Alor Setar;KEDAH
5532;Alor Setar;KEDAH
5534;Alor Setar;KEDAH
5536;Alor Setar;KEDAH
5538;Alor Setar;KEDAH
5550;Alor Setar;KEDAH
5551;Alor Setar;KEDAH
5552;Alor Setar;KEDAH
5556;Alor Setar;KEDAH
5558;Alor Setar;KEDAH
5560;Alor Setar;KEDAH
5564;Alor Setar;KEDAH
5576;Alor Setar;KEDAH
5578;Alor Setar;KEDAH
5580;Alor Setar;KEDAH
5582;Alor Setar;KEDAH
5586;Alor Setar;KEDAH
5590;Alor Setar;KEDAH
5592;Alor Setar;KEDAH
5594;Alor Setar;KEDAH
5600;Alor Setar;KEDAH
5604;Alor Setar;KEDAH
5610;Alor Setar;KEDAH
5612;Alor Setar;KEDAH
5614;Alor Setar;KEDAH
5620;Alor Setar;KEDAH
5621;Alor Setar;KEDAH
5622;Alor Setar;KEDAH
5626;Alor Setar;KEDAH
5628;Alor Setar;KEDAH
5630;Alor Setar;KEDAH
5632;Alor Setar;KEDAH
5644;Alor Setar;KEDAH
5660;Alor Setar;KEDAH
5661;Alor Setar;KEDAH
5664;Alor Setar;KEDAH
5670;Alor Setar;KEDAH
5672;Alor Setar;KEDAH
5673;Alor Setar;KEDAH
5674;Alor Setar;KEDAH
5675;Alor Setar;KEDAH
5676;Alor Setar;KEDAH
5680;Alor Setar;KEDAH
5690;Alor Setar;KEDAH
5696;Alor Setar;KEDAH
5700;Alor Setar;KEDAH
5710;Alor Setar;KEDAH
5720;Alor Setar;KEDAH
5990;Alor Setar;KEDAH
6000;Jitra;KEDAH
6007;Jitra;KEDAH
6009;Jitra;KEDAH
6010;Changloon;KEDAH
6050;Bukit Kayu Hitam;KEDAH
6100;Kodiang;KEDAH
6150;Ayer Hitam;KEDAH
6200;Kepala Batas;KEDAH
6207;Kepala Batas;KEDAH
6209;Kepala Batas;KEDAH
6250;Alor Setar;KEDAH
6300;Kuala Nerang;KEDAH
6350;Pokok Sena;KEDAH
6400;Pokok Sena;KEDAH
6500;Langgar;KEDAH
6507;Langgar;KEDAH
6509;Alor Setar;KEDAH
6550;Alor Setar;KEDAH
6570;Alor Setar;KEDAH
6600;Kuala Kedah;KEDAH
6650;Simpang Empat;KEDAH
6660;Alor Setar;KEDAH
6700;Pendang;KEDAH
6707;Pendang;KEDAH
6709;Pendang;KEDAH
6710;Pendang;KEDAH
6720;Pendang;KEDAH
6750;Pendang;KEDAH
6800;Kota Sarang Semut;KEDAH
6900;Yan;KEDAH
6910;Yan;KEDAH
7000;Langkawi;KEDAH
7007;Langkawi;KEDAH
7009;Langkawi;KEDAH
8000;Sungai Petani;KEDAH
8007;Sungai Petani;KEDAH
8009;Sungai Petani;KEDAH
8010;Sungai Petani;KEDAH
8100;Bedong;KEDAH
8110;Bedong;KEDAH
8200;Sik;KEDAH
8210;Sik;KEDAH
8300;Gurun;KEDAH
8320;Jeniang;KEDAH
8330;Gurun;KEDAH
8340;Sik;KEDAH
8400;Merbok;KEDAH
8407;Merbok;KEDAH
8409;Merbok;KEDAH
8500;Kota Kuala Muda;KEDAH
8507;Kota Kuala Muda;KEDAH
8509;Kota Kuala Muda;KEDAH
8600;Sungai Petani;KEDAH
8700;Jeniang;KEDAH
8800;Gurun;KEDAH
9000;WP KUALA LUMPURim;KEDAH
9007;WP KUALA LUMPURim;KEDAH
9009;WP KUALA LUMPURim;KEDAH
9010;WP KUALA LUMPURim;KEDAH
9020;WP KUALA LUMPURim;KEDAH
9100;Baling;KEDAH
9110;Kuala Pegang;KEDAH
9200;Kupang;KEDAH
9300;Kuala Ketil;KEDAH
9310;Kuala Ketil;KEDAH
9400;Padang Serai;KEDAH
9410;Padang Serai;KEDAH
9600;Lunas;KEDAH
9700;Karangan;KEDAH
9800;Serdang;KEDAH
9810;Serdang;KEDAH
10000;Pulau Pinang;PENANG
10050;Pulau Pinang;PENANG
10100;Pulau Pinang;PENANG
10150;Pulau Pinang;PENANG
10200;Pulau Pinang;PENANG
10250;Pulau Pinang;PENANG
10300;Pulau Pinang;PENANG
10350;Pulau Pinang;PENANG
10400;Pulau Pinang;PENANG
10450;Pulau Pinang;PENANG
10460;Pulau Pinang;PENANG
10470;Pulau Pinang;PENANG
10500;Pulau Pinang;PENANG
10502;Pulau Pinang;PENANG
10503;Pulau Pinang;PENANG
10504;Pulau Pinang;PENANG
10505;Pulau Pinang;PENANG
10506;Pulau Pinang;PENANG
10508;Pulau Pinang;PENANG
10512;Pulau Pinang;PENANG
10514;Pulau Pinang;PENANG
10516;Pulau Pinang;PENANG
10518;Pulau Pinang;PENANG
10524;Pulau Pinang;PENANG
10534;Pulau Pinang;PENANG
10538;Pulau Pinang;PENANG
10540;Pulau Pinang;PENANG
10542;Pulau Pinang;PENANG
10546;Pulau Pinang;PENANG
10550;Pulau Pinang;PENANG
10551;Pulau Pinang;PENANG
10552;Pulau Pinang;PENANG
10558;Pulau Pinang;PENANG
10560;Pulau Pinang;PENANG
10564;Pulau Pinang;PENANG
10566;Pulau Pinang;PENANG
10570;Pulau Pinang;PENANG
10576;Pulau Pinang;PENANG
10578;Pulau Pinang;PENANG
10582;Pulau Pinang;PENANG
10590;Pulau Pinang;PENANG
10592;Pulau Pinang;PENANG
10593;Pulau Pinang;PENANG
10594;Pulau Pinang;PENANG
10596;Pulau Pinang;PENANG
10600;Pulau Pinang;PENANG
10604;Pulau Pinang;PENANG
10609;Pulau Pinang;PENANG
10610;Pulau Pinang;PENANG
10612;Pulau Pinang;PENANG
10620;Pulau Pinang;PENANG
10622;Pulau Pinang;PENANG
10626;Pulau Pinang;PENANG
10628;Pulau Pinang;PENANG
10634;Pulau Pinang;PENANG
10646;Pulau Pinang;PENANG
10648;Pulau Pinang;PENANG
10660;Pulau Pinang;PENANG
10661;Pulau Pinang;PENANG
10662;Pulau Pinang;PENANG
10670;Pulau Pinang;PENANG
10672;Pulau Pinang;PENANG
10673;Pulau Pinang;PENANG
10674;Pulau Pinang;PENANG
10676;Pulau Pinang;PENANG
10690;Pulau Pinang;PENANG
10710;Pulau Pinang;PENANG
10720;Pulau Pinang;PENANG
10730;Pulau Pinang;PENANG
10740;Pulau Pinang;PENANG
10750;Pulau Pinang;PENANG
10760;Pulau Pinang;PENANG
10770;Pulau Pinang;PENANG
10780;Pulau Pinang;PENANG
10790;Pulau Pinang;PENANG
10800;Pulau Pinang;PENANG
10810;Pulau Pinang;PENANG
10820;Pulau Pinang;PENANG
10830;Pulau Pinang;PENANG
10840;Pulau Pinang;PENANG
10850;Pulau Pinang;PENANG
10910;Pulau Pinang;PENANG
10920;Pulau Pinang;PENANG
10990;Pulau Pinang;PENANG
11000;Balik Pulau;PENANG
11010;Balik Pulau;PENANG
11020;Balik Pulau;PENANG
11050;Pulau Pinang;PENANG
11060;Pulau Pinang;PENANG
11100;Batu Ferringhi;PENANG
11200;Tanjong Bungah;PENANG
11300;Penang Hill;PENANG
11400;Pulau Pinang;PENANG
11409;Pulau Pinang;PENANG
11500;Ayer Itam;PENANG
11600;Jelutong;PENANG
11609;Jelutong;PENANG
11700;Gelugor;PENANG
11800;USM Pulau Pinang;PENANG
11900;Bayan Lepas;PENANG
11910;Bayan Lepas;PENANG
11920;Bayan Lepas;PENANG
11950;Bayan Lepas;PENANG
11960;Batu Maung;PENANG
12000;Butterworth;PENANG
12100;Butterworth;PENANG
12200;Butterworth;PENANG
12300;Butterworth;PENANG
12700;Butterworth;PENANG
12710;Butterworth;PENANG
12720;Butterworth;PENANG
12990;Butterworth;PENANG
13000;Butterworth;PENANG
13009;Butterworth;PENANG
13020;Butterworth;PENANG
13050;Butterworth;PENANG
13100;Penaga;PENANG
13110;Penaga;PENANG
13200;Kepala Batas;PENANG
13210;Kepala Batas;PENANG
13220;Kepala Batas;PENANG
13300;Tasek Gelugor;PENANG
13310;Tasek Gelugor;PENANG
13400;Butterworth;PENANG
13409;Butterworth;PENANG
13500;Permatang Pauh;PENANG
13600;Perai;PENANG
13700;Perai;PENANG
13800;Butterworth;PENANG
14000;Bukit Mertajam;PENANG
14007;Bukit Mertajam;PENANG
14009;Bukit Mertajam;PENANG
14020;Bukit Mertajam;PENANG
14100;Simpang Ampat;PENANG
14101;Simpang Ampat;PENANG
14110;Simpang Ampat;PENANG
14120;Simpang Ampat;PENANG
14200;Sungai Jawi;PENANG
14290;Bandar Baharu;KEDAH
14300;Nibong Tebal;PENANG
14310;Nibong Tebal;PENANG
14320;Nibong Tebal;PENANG
14390;Bandar Baharu;KEDAH
14400;Kubang Semang;PENANG
15000;Kota Bharu;KELANTAN
15050;Kota Bharu;KELANTAN
15100;Kota Bharu;KELANTAN
15150;Kota Bharu;KELANTAN
15159;Kota Bharu;KELANTAN
15200;Kota Bharu;KELANTAN
15300;Kota Bharu;KELANTAN
15350;Kota Bharu;KELANTAN
15400;Kota Bharu;KELANTAN
15500;Kota Bharu;KELANTAN
15502;Kota Bharu;KELANTAN
15503;Kota Bharu;KELANTAN
15504;Kota Bharu;KELANTAN
15505;Kota Bharu;KELANTAN
15506;Kota Bharu;KELANTAN
15508;Kota Bharu;KELANTAN
15512;Kota Bharu;KELANTAN
15514;Kota Bharu;KELANTAN
15516;Kota Bharu;KELANTAN
15517;Kota Bharu;KELANTAN
15518;Kota Bharu;KELANTAN
15519;Kota Bharu;KELANTAN
15520;Kota Bharu;KELANTAN
15524;Kota Bharu;KELANTAN
15529;Kota Bharu;KELANTAN
15532;Kota Bharu;KELANTAN
15534;Kota Bharu;KELANTAN
15536;Kota Bharu;KELANTAN
15538;Kota Bharu;KELANTAN
15540;Kota Bharu;KELANTAN
15546;Kota Bharu;KELANTAN
15548;Kota Bharu;KELANTAN
15550;Kota Bharu;KELANTAN
15551;Kota Bharu;KELANTAN
15556;Kota Bharu;KELANTAN
15558;Kota Bharu;KELANTAN
15560;Kota Bharu;KELANTAN
15564;Kota Bharu;KELANTAN
15570;Kota Bharu;KELANTAN
15572;Kota Bharu;KELANTAN
15576;Kota Bharu;KELANTAN
15578;Kota Bharu;KELANTAN
15582;Kota Bharu;KELANTAN
15586;Kota Bharu;KELANTAN
15590;Kota Bharu;KELANTAN
15592;Kota Bharu;KELANTAN
15594;Kota Bharu;KELANTAN
15596;Kota Bharu;KELANTAN
15600;Kota Bharu;KELANTAN
15604;Kota Bharu;KELANTAN
15608;Kota Bharu;KELANTAN
15609;Kota Bharu;KELANTAN
15612;Kota Bharu;KELANTAN
15614;Kota Bharu;KELANTAN
15616;Kota Bharu;KELANTAN
15622;Kota Bharu;KELANTAN
15623;Kota Bharu;KELANTAN
15626;Kota Bharu;KELANTAN
15628;Kota Bharu;KELANTAN
15630;Kota Bharu;KELANTAN
15632;Kota Bharu;KELANTAN
15634;Kota Bharu;KELANTAN
15644;Kota Bharu;KELANTAN
15646;Kota Bharu;KELANTAN
15648;Kota Bharu;KELANTAN
15658;Kota Bharu;KELANTAN
15660;Kota Bharu;KELANTAN
15661;Kota Bharu;KELANTAN
15664;Kota Bharu;KELANTAN
15670;Kota Bharu;KELANTAN
15672;Kota Bharu;KELANTAN
15673;Kota Bharu;KELANTAN
15674;Kota Bharu;KELANTAN
15676;Kota Bharu;KELANTAN
15680;Kota Bharu;KELANTAN
15690;Kota Bharu;KELANTAN
15710;Kota Bharu;KELANTAN
15720;Kota Bharu;KELANTAN
15730;Kota Bharu;KELANTAN
15740;Kota Bharu;KELANTAN
15988;Kota Bharu;KELANTAN
15990;Kota Bharu;KELANTAN
16010;Kota Bharu;KELANTAN
16020;Bachok;KELANTAN
16030;Bachok;KELANTAN
16040;Wakaf Bharu;KELANTAN
16050;Bachok;KELANTAN
16060;Bachok;KELANTAN
16070;Bachok;KELANTAN
16080;Tumpat;KELANTAN
16090;Bachok;KELANTAN
16100;Kota Bharu;KELANTAN
16109;Kota Bharu;KELANTAN
16150;Kota Bharu;KELANTAN
16200;Tumpat;KELANTAN
16210;Tumpat;KELANTAN
16250;Wakaf Bharu;KELANTAN
16300;Bachok;KELANTAN
16310;Bachok;KELANTAN
16320;Bachok;KELANTAN
16400;Melor;KELANTAN
16450;Ketereh;KELANTAN
16500;Kem Desa Pahlawan;KELANTAN
16600;Pulai Chondong;KELANTAN
16700;Cherang Ruku;KELANTAN
16800;Pasir Puteh;KELANTAN
16810;Selising;KELANTAN
17000;Pasir Mas;KELANTAN
17007;Pasir Mas;KELANTAN
17009;Pasir Mas;KELANTAN
17010;Pasir Mas;KELANTAN
17020;Pasir Mas;KELANTAN
17030;Pasir Mas;KELANTAN
17040;Pasir Mas;KELANTAN
17050;Pasir Mas;KELANTAN
17060;Pasir Mas;KELANTAN
17070;Pasir Mas;KELANTAN
17200;Rantau Panjang;KELANTAN
17500;Tanah Merah;KELANTAN
17507;Tanah Merah;KELANTAN
17509;Tanah Merah;KELANTAN
17510;Tanah Merah;KELANTAN
17600;Jeli;KELANTAN
17610;Kuala Balah;KELANTAN
17700;Ayer Lanas;KELANTAN
18000;Kuala Krai;KELANTAN
18050;Kuala Krai;KELANTAN
18200;Dabong;KELANTAN
18300;Gua Musang;KELANTAN
18400;Temangan;KELANTAN
18500;Machang;KELANTAN
20000;Kuala Terengganu;TERENGGANU
20050;Kuala Terengganu;TERENGGANU
20100;Kuala Terengganu;TERENGGANU
20200;Kuala Terengganu;TERENGGANU
20300;Kuala Terengganu;TERENGGANU
20400;Kuala Terengganu;TERENGGANU
20500;Kuala Terengganu;TERENGGANU
20502;Kuala Terengganu;TERENGGANU
20503;Kuala Terengganu;TERENGGANU
20504;Kuala Terengganu;TERENGGANU
20505;Kuala Terengganu;TERENGGANU
20506;Kuala Terengganu;TERENGGANU
20508;Kuala Terengganu;TERENGGANU
20512;Kuala Terengganu;TERENGGANU
20514;Kuala Terengganu;TERENGGANU
20516;Kuala Terengganu;TERENGGANU
20517;Kuala Terengganu;TERENGGANU
20518;Kuala Terengganu;TERENGGANU
20519;Kuala Terengganu;TERENGGANU
20520;Kuala Terengganu;TERENGGANU
20532;Kuala Terengganu;TERENGGANU
20534;Kuala Terengganu;TERENGGANU
20536;Kuala Terengganu;TERENGGANU
20538;Kuala Terengganu;TERENGGANU
20540;Kuala Terengganu;TERENGGANU
20542;Kuala Terengganu;TERENGGANU
20546;Kuala Terengganu;TERENGGANU
20548;Kuala Terengganu;TERENGGANU
20550;Kuala Terengganu;TERENGGANU
20551;Kuala Terengganu;TERENGGANU
20552;Kuala Terengganu;TERENGGANU
20554;Kuala Terengganu;TERENGGANU
20556;Kuala Terengganu;TERENGGANU
20560;Kuala Terengganu;TERENGGANU
20564;Kuala Terengganu;TERENGGANU
20566;Kuala Terengganu;TERENGGANU
20568;Kuala Terengganu;TERENGGANU
20570;Kuala Terengganu;TERENGGANU
20572;Kuala Terengganu;TERENGGANU
20576;Kuala Terengganu;TERENGGANU
20578;Kuala Terengganu;TERENGGANU
20582;Kuala Terengganu;TERENGGANU
20586;Kuala Terengganu;TERENGGANU
20590;Kuala Terengganu;TERENGGANU
20592;Kuala Terengganu;TERENGGANU
20596;Kuala Terengganu;TERENGGANU
20600;Kuala Terengganu;TERENGGANU
20604;Kuala Terengganu;TERENGGANU
20606;Kuala Terengganu;TERENGGANU
20608;Kuala Terengganu;TERENGGANU
20609;Kuala Terengganu;TERENGGANU
20610;Kuala Terengganu;TERENGGANU
20612;Kuala Terengganu;TERENGGANU
20614;Kuala Terengganu;TERENGGANU
20618;Kuala Terengganu;TERENGGANU
20620;Kuala Terengganu;TERENGGANU
20622;Kuala Terengganu;TERENGGANU
20626;Kuala Terengganu;TERENGGANU
20628;Kuala Terengganu;TERENGGANU
20630;Kuala Terengganu;TERENGGANU
20632;Kuala Terengganu;TERENGGANU
20646;Kuala Terengganu;TERENGGANU
20648;Kuala Terengganu;TERENGGANU
20656;Kuala Terengganu;TERENGGANU
20658;Kuala Terengganu;TERENGGANU
20660;Kuala Terengganu;TERENGGANU
20661;Kuala Terengganu;TERENGGANU
20662;Kuala Terengganu;TERENGGANU
20664;Kuala Terengganu;TERENGGANU
20668;Kuala Terengganu;TERENGGANU
20670;Kuala Terengganu;TERENGGANU
20672;Kuala Terengganu;TERENGGANU
20673;Kuala Terengganu;TERENGGANU
20674;Kuala Terengganu;TERENGGANU
20676;Kuala Terengganu;TERENGGANU
20680;Kuala Terengganu;TERENGGANU
20690;Kuala Terengganu;TERENGGANU
20698;Kuala Terengganu;TERENGGANU
20700;Kuala Terengganu;TERENGGANU
20710;Kuala Terengganu;TERENGGANU
20720;Kuala Terengganu;TERENGGANU
20900;Kuala Terengganu;TERENGGANU
20902;Kuala Terengganu;TERENGGANU
20904;Kuala Terengganu;TERENGGANU
20906;Kuala Terengganu;TERENGGANU
20908;Kuala Terengganu;TERENGGANU
20910;Kuala Terengganu;TERENGGANU
20912;Kuala Terengganu;TERENGGANU
20914;Kuala Terengganu;TERENGGANU
20916;Kuala Terengganu;TERENGGANU
20918;Kuala Terengganu;TERENGGANU
20920;Kuala Terengganu;TERENGGANU
20922;Kuala Terengganu;TERENGGANU
20924;Kuala Terengganu;TERENGGANU
20926;Kuala Terengganu;TERENGGANU
20928;Kuala Terengganu;TERENGGANU
20930;Kuala Terengganu;TERENGGANU
20990;Kuala Terengganu;TERENGGANU
21000;Kuala Terengganu;TERENGGANU
21009;Kuala Terengganu;TERENGGANU
21010;Kuala Terengganu;TERENGGANU
21020;Kuala Terengganu;TERENGGANU
21030;Kuala Terengganu;TERENGGANU
21040;Kuala Terengganu;TERENGGANU
21060;Kuala Terengganu;TERENGGANU
21070;Kuala Terengganu;TERENGGANU
21080;Kuala Terengganu;TERENGGANU
21090;Kuala Terengganu;TERENGGANU
21100;Kuala Terengganu;TERENGGANU
21109;Kuala Terengganu;TERENGGANU
21200;Kuala Terengganu;TERENGGANU
21209;Kuala Terengganu;TERENGGANU
21210;Kuala Terengganu;TERENGGANU
21220;Kuala Terengganu;TERENGGANU
21300;Kuala Terengganu;TERENGGANU
21309;Kuala Terengganu;TERENGGANU
21400;Bukit Payong;TERENGGANU
21450;Chalok;TERENGGANU
21500;Sungai Tong;TERENGGANU
21600;Marang;TERENGGANU
21610;Marang;TERENGGANU
21700;Kuala Berang;TERENGGANU
21800;Ajil;TERENGGANU
21810;Ajil;TERENGGANU
21820;Ajil;TERENGGANU
22000;Jerteh;TERENGGANU
22010;Jerteh;TERENGGANU
22020;Jerteh;TERENGGANU
22100;Permaisuri;TERENGGANU
22107;Permaisuri;TERENGGANU
22109;Permaisuri;TERENGGANU
22110;Permaisuri;TERENGGANU
22120;Permaisuri;TERENGGANU
22200;Kampung Raja;TERENGGANU
22300;Kuala Besut;TERENGGANU
22307;Kuala Besut;TERENGGANU
22309;Kuala Besut;TERENGGANU
23000;Dungun;TERENGGANU
23007;Dungun;TERENGGANU
23009;Dungun;TERENGGANU
23050;Dungun;TERENGGANU
23100;Paka;TERENGGANU
23200;Bukit Besi;TERENGGANU
23300;Ketengah Jaya;TERENGGANU
23400;Al Muktatfi Billah Shah;TERENGGANU
24000;Cukai;TERENGGANU
24007;Cukai;TERENGGANU
24009;Cukai;TERENGGANU
24050;Ayer Puteh;TERENGGANU
24060;Ceneh;TERENGGANU
24100;Kijal;TERENGGANU
24107;Kijal;TERENGGANU
24109;Kijal;TERENGGANU
24200;Kemasek;TERENGGANU
24207;Kemasek;TERENGGANU
24209;Kemasek;TERENGGANU
24300;Kerteh;TERENGGANU
25000;Kuantan;PAHANG
25050;Kuantan;PAHANG
25100;Kuantan;PAHANG
25150;Kuantan;PAHANG
25200;Kuantan;PAHANG
25250;Kuantan;PAHANG
25300;Kuantan;PAHANG
25350;Kuantan;PAHANG
25500;Kuantan;PAHANG
25502;Kuantan;PAHANG
25503;Kuantan;PAHANG
25504;Kuantan;PAHANG
25505;Kuantan;PAHANG
25506;Kuantan;PAHANG
25508;Kuantan;PAHANG
25509;Kuantan;PAHANG
25512;Kuantan;PAHANG
25514;Kuantan;PAHANG
25516;Kuantan;PAHANG
25517;Kuantan;PAHANG
25518;Kuantan;PAHANG
25520;Kuantan;PAHANG
25524;Kuantan;PAHANG
25529;Kuantan;PAHANG
25532;Kuantan;PAHANG
25534;Kuantan;PAHANG
25536;Kuantan;PAHANG
25538;Kuantan;PAHANG
25540;Kuantan;PAHANG
25546;Kuantan;PAHANG
25548;Kuantan;PAHANG
25550;Kuantan;PAHANG
25551;Kuantan;PAHANG
25552;Kuantan;PAHANG
25556;Kuantan;PAHANG
25558;Kuantan;PAHANG
25560;Kuantan;PAHANG
25564;Kuantan;PAHANG
25570;Kuantan;PAHANG
25576;Kuantan;PAHANG
25578;Kuantan;PAHANG
25582;Kuantan;PAHANG
25584;Kuantan;PAHANG
25586;Kuantan;PAHANG
25590;Kuantan;PAHANG
25592;Kuantan;PAHANG
25594;Kuantan;PAHANG
25596;Kuantan;PAHANG
25598;Kuantan;PAHANG
25600;Kuantan;PAHANG
25604;Kuantan;PAHANG
25606;Kuantan;PAHANG
25608;Kuantan;PAHANG
25609;Kuantan;PAHANG
25610;Kuantan;PAHANG
25612;Kuantan;PAHANG
25614;Kuantan;PAHANG
25620;Kuantan;PAHANG
25622;Kuantan;PAHANG
25626;Kuantan;PAHANG
25628;Kuantan;PAHANG
25630;Kuantan;PAHANG
25632;Kuantan;PAHANG
25644;Kuantan;PAHANG
25646;Kuantan;PAHANG
25648;Kuantan;PAHANG
25656;Kuantan;PAHANG
25660;Kuantan;PAHANG
25661;Kuantan;PAHANG
25662;Kuantan;PAHANG
25670;Kuantan;PAHANG
25672;Kuantan;PAHANG
25673;Kuantan;PAHANG
25674;Kuantan;PAHANG
25676;Kuantan;PAHANG
25690;Kuantan;PAHANG
25700;Kuantan;PAHANG
25710;Kuantan;PAHANG
25720;Kuantan;PAHANG
25730;Kuantan;PAHANG
25740;Kuantan;PAHANG
25750;Kuantan;PAHANG
25990;Kuantan;PAHANG
26010;Kuantan;PAHANG
26040;Kuantan;PAHANG
26050;Bukit Goh;PAHANG
26060;Kuantan;PAHANG
26070;Kuantan;PAHANG
26080;Kuantan;PAHANG
26090;Bukit Goh;PAHANG
26100;Kuantan;PAHANG
26140;Kuantan;PAHANG
26150;Balok;PAHANG
26180;Kuantan;PAHANG
26190;Balok;PAHANG
26200;Sungai Lembing;PAHANG
26250;Kuantan;PAHANG
26300;Gambang;PAHANG
26310;Gambang;PAHANG
26320;Gambang;PAHANG
26330;Gambang;PAHANG
26340;Gambang;PAHANG
26350;Gambang;PAHANG
26360;Gambang;PAHANG
26370;Gambang;PAHANG
26400;Bandar Pusat Jengka;PAHANG
26410;Bandar Pusat Jengka;PAHANG
26420;Bandar Pusat Jengka;PAHANG
26430;Bandar Pusat Jengka;PAHANG
26440;Bandar Pusat Jengka;PAHANG
26450;Bandar Pusat Jengka;PAHANG
26460;Bandar Pusat Jengka;PAHANG
26485;Bandar Pusat Jengka;PAHANG
26490;Bandar Pusat Jengka;PAHANG
26500;Maran;PAHANG
26600;Pekan;PAHANG
26607;Pekan;PAHANG
26609;Pekan;PAHANG
26610;Pekan;PAHANG
26620;Pekan;PAHANG
26630;Pekan;PAHANG
26640;Pekan;PAHANG
26650;Pekan;PAHANG
26660;Pekan;PAHANG
26680;Pekan;PAHANG
26690;Chini;PAHANG
26700;Muadzam Shah;PAHANG
26800;Kuala Rompin;PAHANG
26810;Kuala Rompin;PAHANG
26820;Kuala Rompin;PAHANG
26900;Bandar Tun Abdul Razak;PAHANG
27000;Jerantut;PAHANG
27010;Jerantut;PAHANG
27020;Jerantut;PAHANG
27030;Damak;PAHANG
27040;Jerantut;PAHANG
27050;Jerantut;PAHANG
27060;Jerantut;PAHANG
27070;Jerantut;PAHANG
27090;Jerantut;PAHANG
27100;Padang Tengku;PAHANG
27150;Jerantut;PAHANG
27200;Kuala Lipis;PAHANG
27207;Kuala Lipis;PAHANG
27209;Kuala Lipis;PAHANG
27210;Kuala Lipis;PAHANG
27300;Benta;PAHANG
27310;Benta;PAHANG
27400;Dong;PAHANG
27600;Raub;PAHANG
27607;Raub;PAHANG
27609;Raub;PAHANG
27610;Raub;PAHANG
27620;Raub;PAHANG
27630;Raub;PAHANG
27650;Sungai Koyan;PAHANG
27660;Sega;PAHANG
27670;Raub;PAHANG
28000;Temerloh;PAHANG
28007;Temerloh;PAHANG
28009;Temerloh;PAHANG
28010;Temerloh;PAHANG
28020;Temerloh;PAHANG
28030;Temerloh;PAHANG
28040;Temerloh;PAHANG
28050;Kuala Krau;PAHANG
28100;Chenor;PAHANG
28200;Triang;PAHANG
28300;Triang;PAHANG
28310;Triang;PAHANG
28320;Triang;PAHANG
28330;Triang;PAHANG
28340;Kemayan;PAHANG
28380;Kemayan;PAHANG
28400;Mentakab;PAHANG
28407;Mentakab;PAHANG
28409;Mentakab;PAHANG
28500;Lanchang;PAHANG
28600;Karak;PAHANG
28610;Karak;PAHANG
28620;Karak;PAHANG
28700;Bentong;PAHANG
28707;Bentong;PAHANG
28709;Bentong;PAHANG
28730;Bentong;PAHANG
28740;Bentong;PAHANG
28750;Bentong;PAHANG
28800;Lurah Bilut;PAHANG
30000;Ipoh;PERAK
30010;Ipoh;PERAK
30020;Ipoh;PERAK
30100;Ipoh;PERAK
30200;Ipoh;PERAK
30250;Ipoh;PERAK
30300;Ipoh;PERAK
30350;Ipoh;PERAK
30450;Ipoh;PERAK
30500;Ipoh;PERAK
30502;Ipoh;PERAK
30503;Ipoh;PERAK
30504;Ipoh;PERAK
30505;Ipoh;PERAK
30506;Ipoh;PERAK
30508;Ipoh;PERAK
30510;Ipoh;PERAK
30512;Ipoh;PERAK
30516;Ipoh;PERAK
30517;Ipoh;PERAK
30518;Ipoh;PERAK
30519;Ipoh;PERAK
30520;Ipoh;PERAK
30524;Ipoh;PERAK
30532;Ipoh;PERAK
30534;Ipoh;PERAK
30536;Ipoh;PERAK
30540;Ipoh;PERAK
30542;Ipoh;PERAK
30546;Ipoh;PERAK
30548;Ipoh;PERAK
30550;Ipoh;PERAK
30551;Ipoh;PERAK
30552;Ipoh;PERAK
30554;Ipoh;PERAK
30556;Ipoh;PERAK
30560;Ipoh;PERAK
30564;Ipoh;PERAK
30570;Ipoh;PERAK
30576;Ipoh;PERAK
30580;Ipoh;PERAK
30582;Ipoh;PERAK
30586;Ipoh;PERAK
30590;Ipoh;PERAK
30592;Ipoh;PERAK
30594;Ipoh;PERAK
30596;Ipoh;PERAK
30600;Ipoh;PERAK
30604;Ipoh;PERAK
30606;Ipoh;PERAK
30609;Ipoh;PERAK
30610;Ipoh;PERAK
30612;Ipoh;PERAK
30614;Ipoh;PERAK
30620;Ipoh;PERAK
30621;Ipoh;PERAK
30622;Ipoh;PERAK
30626;Ipoh;PERAK
30628;Ipoh;PERAK
30630;Ipoh;PERAK
30632;Ipoh;PERAK
30634;Ipoh;PERAK
30644;Ipoh;PERAK
30646;Ipoh;PERAK
30648;Ipoh;PERAK
30656;Ipoh;PERAK
30658;Ipoh;PERAK
30660;Ipoh;PERAK
30661;Ipoh;PERAK
30662;Ipoh;PERAK
30664;Ipoh;PERAK
30668;Ipoh;PERAK
30670;Ipoh;PERAK
30673;Ipoh;PERAK
30674;Ipoh;PERAK
30676;Ipoh;PERAK
30682;Ipoh;PERAK
30690;Ipoh;PERAK
30700;Ipoh;PERAK
30710;Ipoh;PERAK
30720;Ipoh;PERAK
30730;Ipoh;PERAK
30740;Ipoh;PERAK
30750;Ipoh;PERAK
30760;Ipoh;PERAK
30770;Ipoh;PERAK
30780;Ipoh;PERAK
30790;Ipoh;PERAK
30800;Ipoh;PERAK
30810;Ipoh;PERAK
30820;Ipoh;PERAK
30830;Ipoh;PERAK
30840;Ipoh;PERAK
30900;Ipoh;PERAK
30902;Ipoh;PERAK
30904;Ipoh;PERAK
30906;Ipoh;PERAK
30908;Ipoh;PERAK
30910;Ipoh;PERAK
30912;Ipoh;PERAK
30988;Ipoh;PERAK
30990;Ipoh;PERAK
31000;Batu Gajah;PERAK
31007;Batu Gajah;PERAK
31009;Batu Gajah;PERAK
31050;Sungai Siput;PERAK
31100;Sungai Siput;PERAK
31150;Ulu Kinta;PERAK
31200;Chemor;PERAK
31250;Tanjong Rambutan;PERAK
31300;Kampung Kepayang;PERAK
31350;Ipoh;PERAK
31400;Ipoh;PERAK
31407;Ipoh;PERAK
31409;Ipoh;PERAK
31450;Ipoh;PERAK
31500;Ipoh;PERAK
31550;Pusing;PERAK
31560;Pusing;PERAK
31600;Gopeng;PERAK
31610;Gopeng;PERAK
31650;Ipoh;PERAK
31700;Malim Nawar;PERAK
31750;Tronoh;PERAK
31800;Tanjong Tualang;PERAK
31850;Jeram;PERAK
31900;Kampar;PERAK
31907;Kampar;PERAK
31909;Kampar;PERAK
31910;Kampar;PERAK
31920;Kampar;PERAK
31950;Kampar;PERAK
32000;Sitiawan;PERAK
32040;Seri Manjong;PERAK
32100;TLDM Lumut;PERAK
32200;Lumut;PERAK
32300;Pangkor;PERAK
32400;Ayer Tawar;PERAK
32500;Changkat Keruing;PERAK
32600;Bota;PERAK
32610;Bandar Seri Iskandar;PERAK
32700;Bruas;PERAK
32800;Parit;PERAK
32900;Lambor Kanan;PERAK
33000;Kuala Kangsar;PERAK
33007;Kuala Kangsar;PERAK
33009;Kuala Kangsar;PERAK
33010;Kuala Kangsar;PERAK
33020;Kuala Kangsar;PERAK
33030;Kuala Kangsar;PERAK
33040;Kuala Kangsar;PERAK
33100;Pengkalan Hulu;PERAK
33200;Intan;PERAK
33300;Gerik;PERAK
33310;Gerik;PERAK
33320;Gerik;PERAK
33400;Lenggong;PERAK
33410;Lenggong;PERAK
33420;Lenggong;PERAK
33500;Sauk;PERAK
33600;Enggor;PERAK
33700;Padang Rengas;PERAK
33800;Manong;PERAK
34000;Taiping;PERAK
34007;Taiping;PERAK
34008;Taiping;PERAK
34009;Taiping;PERAK
34010;Taiping;PERAK
34020;Taiping;PERAK
34030;Taiping;PERAK
34100;Selama;PERAK
34120;Selama;PERAK
34130;Selama;PERAK
34140;Rantau Panjang;PERAK
34200;Parit Buntar;PERAK
34250;Tanjong Piandang;PERAK
34300;Bagan Serai;PERAK
34310;Bagan Serai;PERAK
34350;Kuala Kurau;PERAK
34400;Simpang Ampat Semanggol;PERAK
34500;Batu Kurau;PERAK
34510;Batu Kurau;PERAK
34520;Batu Kurau;PERAK
34600;Kamunting;PERAK
34650;Kuala Sepetang;PERAK
34700;Simpang;PERAK
34750;Matang;PERAK
34800;Trong;PERAK
34850;Changkat Jering;PERAK
34900;Pantai Remis;PERAK
34950;Bandar Baharu;KEDAH
35000;Tapah;PERAK
35007;Tapah;PERAK
35009;Tapah;PERAK
35300;Chenderiang;PERAK
35350;Temoh;PERAK
35400;Tapah Road;PERAK
35500;Bidor;PERAK
35600;Sungkai;PERAK
35700;Trolak;PERAK
35800;Slim River;PERAK
35820;Slim River;PERAK
35900;Tanjong Malim;PERAK
35907;Tanjong Malim;PERAK
35909;Tanjong Malim;PERAK
35910;Tanjong Malim;PERAK
35950;Behrang Stesen;PERAK
36000;Teluk Intan;PERAK
36007;Teluk Intan;PERAK
36008;Teluk Intan;PERAK
36009;Teluk Intan;PERAK
36010;Teluk Intan;PERAK
36020;Teluk Intan;PERAK
36030;Teluk Intan;PERAK
36100;Bagan Datoh;PERAK
36110;Teluk Intan;PERAK
36200;Selekoh;PERAK
36207;Selekoh;PERAK
36209;Selekoh;PERAK
36300;Sungai Sumun;PERAK
36307;Sungai Sumun;PERAK
36309;Sungai Sumun;PERAK
36400;Hutan Melintang;PERAK
36500;Ulu Bernam;PERAK
36600;Chenderong Balai;PERAK
36700;Langkap;PERAK
36750;Chikus;PERAK
36800;Kampung Gajah;PERAK
36810;Kampung Gajah;PERAK
39000;Tanah Rata;PAHANG
39007;Tanah Rata;PAHANG
39009;Tanah Rata;PAHANG
39010;Tanah Rata;PAHANG
39100;Brinchang;PAHANG
39200;Ringlet;PAHANG
40000;Shah Alam;SELANGOR
40100;Shah Alam;SELANGOR
40150;Shah Alam;SELANGOR
40160;Shah Alam;SELANGOR
40170;Shah Alam;SELANGOR
40200;Shah Alam;SELANGOR
40300;Shah Alam;SELANGOR
40400;Shah Alam;SELANGOR
40450;Shah Alam;SELANGOR
40460;Shah Alam;SELANGOR
40470;Shah Alam;SELANGOR
40500;Shah Alam;SELANGOR
40502;Shah Alam;SELANGOR
40503;Shah Alam;SELANGOR
40505;Shah Alam;SELANGOR
40512;Shah Alam;SELANGOR
40517;Shah Alam;SELANGOR
40520;Shah Alam;SELANGOR
40529;Shah Alam;SELANGOR
40542;Shah Alam;SELANGOR
40548;Shah Alam;SELANGOR
40550;Shah Alam;SELANGOR
40551;Shah Alam;SELANGOR
40560;Shah Alam;SELANGOR
40564;Shah Alam;SELANGOR
40570;Shah Alam;SELANGOR
40572;Shah Alam;SELANGOR
40576;Shah Alam;SELANGOR
40578;Shah Alam;SELANGOR
40582;Shah Alam;SELANGOR
40590;Shah Alam;SELANGOR
40592;Shah Alam;SELANGOR
40594;Shah Alam;SELANGOR
40596;Shah Alam;SELANGOR
40598;Shah Alam;SELANGOR
40604;Shah Alam;SELANGOR
40607;Shah Alam;SELANGOR
40608;Shah Alam;SELANGOR
40610;Shah Alam;SELANGOR
40612;Shah Alam;SELANGOR
40620;Shah Alam;SELANGOR
40622;Shah Alam;SELANGOR
40626;Shah Alam;SELANGOR
40632;Shah Alam;SELANGOR
40646;Shah Alam;SELANGOR
40648;Shah Alam;SELANGOR
40660;Shah Alam;SELANGOR
40664;Shah Alam;SELANGOR
40670;Shah Alam;SELANGOR
40672;Shah Alam;SELANGOR
40673;Shah Alam;SELANGOR
40674;Shah Alam;SELANGOR
40675;Shah Alam;SELANGOR
40676;Shah Alam;SELANGOR
40680;Shah Alam;SELANGOR
40690;Shah Alam;SELANGOR
40700;Shah Alam;SELANGOR
40702;Shah Alam;SELANGOR
40704;Shah Alam;SELANGOR
40706;Shah Alam;SELANGOR
40708;Shah Alam;SELANGOR
40710;Shah Alam;SELANGOR
40712;Shah Alam;SELANGOR
40714;Shah Alam;SELANGOR
40716;Shah Alam;SELANGOR
40718;Shah Alam;SELANGOR
40720;Shah Alam;SELANGOR
40722;Shah Alam;SELANGOR
40724;Shah Alam;SELANGOR
40726;Shah Alam;SELANGOR
40728;Shah Alam;SELANGOR
40730;Shah Alam;SELANGOR
40732;Shah Alam;SELANGOR
40800;Shah Alam;SELANGOR
40802;Shah Alam;SELANGOR
40804;Shah Alam;SELANGOR
40806;Shah Alam;SELANGOR
40808;Shah Alam;SELANGOR
40810;Shah Alam;SELANGOR
40990;Shah Alam ;SELANGOR
41000;Klang;SELANGOR
41050;Klang;SELANGOR
41100;Klang;SELANGOR
41150;Klang;SELANGOR
41200;Klang;SELANGOR
41250;Klang;SELANGOR
41300;Klang;SELANGOR
41400;Klang;SELANGOR
41506;Klang;SELANGOR
41560;Klang;SELANGOR
41586;Klang;SELANGOR
41672;Klang;SELANGOR
41700;Klang;SELANGOR
41710;Klang;SELANGOR
41720;Klang;SELANGOR
41900;Klang;SELANGOR
41902;Klang;SELANGOR
41904;Klang;SELANGOR
41906;Klang;SELANGOR
41908;Klang;SELANGOR
41910;Klang;SELANGOR
41912;Klang;SELANGOR
41914;Klang;SELANGOR
41916;Klang;SELANGOR
41918;Klang;SELANGOR
41990;Klang;SELANGOR
42000;Pelabuhan Klang;SELANGOR
42009;Pelabuhan Klang;SELANGOR
42100;Klang;SELANGOR
42200;Kapar;SELANGOR
42300;Bandar Puncak Alam;SELANGOR
42425;Telok Panglima Garang;SELANGOR
42500;Telok Panglima Garang;SELANGOR
42507;Telok Panglima Garang;SELANGOR
42509;Telok Panglima Garang;SELANGOR
42600;Jenjarom;SELANGOR
42610;Jenjarom;SELANGOR
42700;Banting;SELANGOR
42800;Tanjong Sepat;SELANGOR
42920;Pulau Indah;SELANGOR
42940;Pulau Ketam;SELANGOR
42960;Pulau Carey;SELANGOR
43000;Kajang;SELANGOR
43007;Kajang;SELANGOR
43009;Kajang;SELANGOR
43100;Hulu Langat;SELANGOR
43200;Cheras;SELANGOR
43207;Cheras;SELANGOR
43300;Seri Kembangan;SELANGOR
43400;Serdang;SELANGOR
43500;Semenyih;SELANGOR
43558;Kajang;SELANGOR
43600;Bandar Baru Bangi;SELANGOR
43650;Bandar Baru Bangi;SELANGOR
43700;Beranang;SELANGOR
43800;Dengkil;SELANGOR
43807;Dengkil;SELANGOR
43900;Sepang;SELANGOR
43950;Sungai Pelek;SELANGOR
44000;Kuala Kubu Baru;SELANGOR
44010;Kuala Kubu Baru;SELANGOR
44020;Kuala Kubu Baru;SELANGOR
44100;Kerling;SELANGOR
44110;Kuala Kubu Baru;SELANGOR
44200;Rasa;SELANGOR
44300;Batang Kali;SELANGOR
45000;Kuala Selangor;SELANGOR
45100;Sungai Ayer Tawar;SELANGOR
45200;Sabak Bernam;SELANGOR
45207;Sabak Bernam;SELANGOR
45209;Sabak Bernam;SELANGOR
45300;Sungai Besar;SELANGOR
45400;Sekinchan;SELANGOR
45500;Tanjong Karang;SELANGOR
45600;Batang Berjuntai;SELANGOR
45607;Batang Berjuntai;SELANGOR
45609;Batang Berjuntai;SELANGOR
45620;Batang Berjuntai;SELANGOR
45700;Bukit Rotan;SELANGOR
45800;Jeram;SELANGOR
46000;Petaling Jaya;SELANGOR
46050;Petaling Jaya;SELANGOR
46100;Petaling Jaya;SELANGOR
46150;Petaling Jaya;SELANGOR
46200;Petaling Jaya;SELANGOR
46300;Petaling Jaya;SELANGOR
46350;Petaling Jaya;SELANGOR
46400;Petaling Jaya;SELANGOR
46506;Petaling Jaya;SELANGOR
46547;Petaling Jaya;SELANGOR
46549;Petaling Jaya;SELANGOR
46551;Petaling Jaya;SELANGOR
46564;Petaling Jaya;SELANGOR
46582;Petaling Jaya;SELANGOR
46598;Petaling Jaya;SELANGOR
46662;Petaling Jaya;SELANGOR
46667;Petaling Jaya;SELANGOR
46668;Petaling Jaya;SELANGOR
46672;Petaling Jaya;SELANGOR
46675;Petaling Jaya;SELANGOR
46700;Petaling Jaya;SELANGOR
46710;Petaling Jaya;SELANGOR
46720;Petaling Jaya;SELANGOR
46730;Petaling Jaya;SELANGOR
46740;Petaling Jaya;SELANGOR
46750;Petaling Jaya;SELANGOR
46760;Petaling Jaya;SELANGOR
46770;Petaling Jaya;SELANGOR
46780;Petaling Jaya;SELANGOR
46781;Petaling Jaya;SELANGOR
46782;Petaling Jaya;SELANGOR
46783;Petaling Jaya;SELANGOR
46784;Petaling Jaya;SELANGOR
46785;Petaling Jaya;SELANGOR
46786;Petaling Jaya;SELANGOR
46787;Petaling Jaya;SELANGOR
46788;Petaling Jaya;SELANGOR
46789;Petaling Jaya;SELANGOR
46790;Petaling Jaya;SELANGOR
46791;Petaling Jaya;SELANGOR
46792;Petaling Jaya;SELANGOR
46793;Petaling Jaya;SELANGOR
46794;Petaling Jaya;SELANGOR
46795;Petaling Jaya;SELANGOR
46796;Petaling Jaya;SELANGOR
46797;Petaling Jaya;SELANGOR
46798;Petaling Jaya;SELANGOR
46799;Petaling Jaya;SELANGOR
46800;Petaling Jaya;SELANGOR
46801;Petaling Jaya;SELANGOR
46802;Petaling Jaya;SELANGOR
46803;Petaling Jaya;SELANGOR
46804;Petaling Jaya;SELANGOR
46805;Petaling Jaya;SELANGOR
46806;Petaling Jaya;SELANGOR
46860;Petaling Jaya;SELANGOR
46870;Petaling Jaya;SELANGOR
46960;Petaling Jaya;SELANGOR
46962;Petaling Jaya;SELANGOR
46964;Petaling Jaya;SELANGOR
46966;Petaling Jaya;SELANGOR
46968;Petaling Jaya;SELANGOR
46970;Petaling Jaya;SELANGOR
46972;Petaling Jaya;SELANGOR
46974;Petaling Jaya;SELANGOR
46976;Petaling Jaya;SELANGOR
46978;Petaling Jaya;SELANGOR
47000;Sungai Buloh;SELANGOR
47100;Puchong;SELANGOR
47110;Puchong;SELANGOR
47120;Puchong;SELANGOR
47130;Puchong;SELANGOR
47140;Puchong;SELANGOR
47150;Puchong;SELANGOR
47160;Puchong;SELANGOR
47170;Puchong;SELANGOR
47180;Puchong;SELANGOR
47190;Puchong;SELANGOR
47200;Subang Jaya;SELANGOR
47300;Petaling Jaya;SELANGOR
47301;Petaling Jaya;SELANGOR
47307;Petaling Jaya;SELANGOR
47308;Petaling Jaya;SELANGOR
47400;Petaling Jaya;SELANGOR
47410;Petaling Jaya;SELANGOR
47500;Subang Jaya;SELANGOR
47507;Subang Jaya;SELANGOR
47600;Subang Jaya;SELANGOR
47610;Subang Jaya;SELANGOR
47620;Subang Jaya;SELANGOR
47630;Subang Jaya;SELANGOR
47640;Subang Jaya;SELANGOR
47650;Subang Jaya;SELANGOR
47800;Petaling Jaya;SELANGOR
47810;Petaling Jaya;SELANGOR
47820;Petaling Jaya;SELANGOR
47830;Petaling Jaya;SELANGOR
48000;Rawang;SELANGOR
48010;Rawang;SELANGOR
48020;Rawang;SELANGOR
48050;Rawang;SELANGOR
48100;Batu Arang;SELANGOR
48200;Serendah;SELANGOR
48300;Rawang;SELANGOR
49000;Bukit Fraser;PAHANG
50000;Kuala Lumpur;WP KUALA LUMPUR
50050;Kuala Lumpur;WP KUALA LUMPUR
50088;Kuala Lumpur;WP KUALA LUMPUR
50100;Kuala Lumpur;WP KUALA LUMPUR
50150;Kuala Lumpur;WP KUALA LUMPUR
50200;Kuala Lumpur;WP KUALA LUMPUR
50250;Kuala Lumpur;WP KUALA LUMPUR
50300;Kuala Lumpur;WP KUALA LUMPUR
50350;Kuala Lumpur;WP KUALA LUMPUR
50400;Kuala Lumpur;WP KUALA LUMPUR
50450;Kuala Lumpur;WP KUALA LUMPUR
50460;Kuala Lumpur;WP KUALA LUMPUR
50470;Kuala Lumpur;WP KUALA LUMPUR
50480;Kuala Lumpur;WP KUALA LUMPUR
50490;Kuala Lumpur;WP KUALA LUMPUR
50500;Kuala Lumpur;WP KUALA LUMPUR
50502;Kuala Lumpur;WP KUALA LUMPUR
50504;Kuala Lumpur;WP KUALA LUMPUR
50505;Kuala Lumpur;WP KUALA LUMPUR
50506;Kuala Lumpur;WP KUALA LUMPUR
50507;Kuala Lumpur;WP KUALA LUMPUR
50508;Kuala Lumpur;WP KUALA LUMPUR
50512;Kuala Lumpur;WP KUALA LUMPUR
50514;Kuala Lumpur;WP KUALA LUMPUR
50515;Kuala Lumpur;WP KUALA LUMPUR
50519;Kuala Lumpur;WP KUALA LUMPUR
50528;Kuala Lumpur;WP KUALA LUMPUR
50529;Kuala Lumpur;WP KUALA LUMPUR
50530;Kuala Lumpur;WP KUALA LUMPUR
50532;Kuala Lumpur;WP KUALA LUMPUR
50534;Kuala Lumpur;WP KUALA LUMPUR
50536;Kuala Lumpur;WP KUALA LUMPUR
50540;Kuala Lumpur;WP KUALA LUMPUR
50544;Kuala Lumpur;WP KUALA LUMPUR
50546;Kuala Lumpur;WP KUALA LUMPUR
50548;Kuala Lumpur;WP KUALA LUMPUR
50550;Kuala Lumpur;WP KUALA LUMPUR
50551;Kuala Lumpur;WP KUALA LUMPUR
50552;Kuala Lumpur;WP KUALA LUMPUR
50554;Kuala Lumpur;WP KUALA LUMPUR
50556;Kuala Lumpur;WP KUALA LUMPUR
50560;Kuala Lumpur;WP KUALA LUMPUR
50562;Kuala Lumpur;WP KUALA LUMPUR
50564;Kuala Lumpur;WP KUALA LUMPUR
50566;Kuala Lumpur;WP KUALA LUMPUR
50568;Kuala Lumpur;WP KUALA LUMPUR
50572;Kuala Lumpur;WP KUALA LUMPUR
50576;Kuala Lumpur;WP KUALA LUMPUR
50578;Kuala Lumpur;WP KUALA LUMPUR
50580;Kuala Lumpur;WP KUALA LUMPUR
50582;Kuala Lumpur;WP KUALA LUMPUR
50586;Kuala Lumpur;WP KUALA LUMPUR
50588;Kuala Lumpur;WP KUALA LUMPUR
50590;Kuala Lumpur;WP KUALA LUMPUR
50592;Kuala Lumpur;WP KUALA LUMPUR
50594;Kuala Lumpur;WP KUALA LUMPUR
50596;Kuala Lumpur;WP KUALA LUMPUR
50598;Kuala Lumpur;WP KUALA LUMPUR
50599;Kuala Lumpur;WP KUALA LUMPUR
50600;Kuala Lumpur;WP KUALA LUMPUR
50603;Kuala Lumpur;WP KUALA LUMPUR
50604;Kuala Lumpur;WP KUALA LUMPUR
50605;Kuala Lumpur;WP KUALA LUMPUR
50608;Kuala Lumpur;WP KUALA LUMPUR
50609;Kuala Lumpur;WP KUALA LUMPUR
50610;Kuala Lumpur;WP KUALA LUMPUR
50612;Kuala Lumpur;WP KUALA LUMPUR
50614;Kuala Lumpur;WP KUALA LUMPUR
50620;Kuala Lumpur;WP KUALA LUMPUR
50621;Kuala Lumpur;WP KUALA LUMPUR
50622;Kuala Lumpur;WP KUALA LUMPUR
50623;Kuala Lumpur;WP KUALA LUMPUR
50626;Kuala Lumpur;WP KUALA LUMPUR
50632;Kuala Lumpur;WP KUALA LUMPUR
50634;Kuala Lumpur;WP KUALA LUMPUR
50636;Kuala Lumpur;WP KUALA LUMPUR
50638;Kuala Lumpur;WP KUALA LUMPUR
50640;Kuala Lumpur;WP KUALA LUMPUR
50642;Kuala Lumpur;WP KUALA LUMPUR
50644;Kuala Lumpur;WP KUALA LUMPUR
50646;Kuala Lumpur;WP KUALA LUMPUR
50648;Kuala Lumpur;WP KUALA LUMPUR
50650;Kuala Lumpur;WP KUALA LUMPUR
50652;Kuala Lumpur;WP KUALA LUMPUR
50653;Kuala Lumpur;WP KUALA LUMPUR
50656;Kuala Lumpur;WP KUALA LUMPUR
50658;Kuala Lumpur;WP KUALA LUMPUR
50660;Kuala Lumpur;WP KUALA LUMPUR
50661;Kuala Lumpur;WP KUALA LUMPUR
50662;Kuala Lumpur;WP KUALA LUMPUR
50664;Kuala Lumpur;WP KUALA LUMPUR
50666;Kuala Lumpur;WP KUALA LUMPUR
50668;Kuala Lumpur;WP KUALA LUMPUR
50670;Kuala Lumpur;WP KUALA LUMPUR
50672;Kuala Lumpur;WP KUALA LUMPUR
50673;Kuala Lumpur;WP KUALA LUMPUR
50676;Kuala Lumpur;WP KUALA LUMPUR
50677;Kuala Lumpur;WP KUALA LUMPUR
50678;Kuala Lumpur;WP KUALA LUMPUR
50680;Kuala Lumpur;WP KUALA LUMPUR
50682;Kuala Lumpur;WP KUALA LUMPUR
50684;Kuala Lumpur;WP KUALA LUMPUR
50688;Kuala Lumpur;WP KUALA LUMPUR
50694;Kuala Lumpur;WP KUALA LUMPUR
50700;Kuala Lumpur;WP KUALA LUMPUR
50702;Kuala Lumpur;WP KUALA LUMPUR
50704;Kuala Lumpur;WP KUALA LUMPUR
50706;Kuala Lumpur;WP KUALA LUMPUR
50708;Kuala Lumpur;WP KUALA LUMPUR
50710;Kuala Lumpur;WP KUALA LUMPUR
50712;Kuala Lumpur;WP KUALA LUMPUR
50714;Kuala Lumpur;WP KUALA LUMPUR
50716;Kuala Lumpur;WP KUALA LUMPUR
50718;Kuala Lumpur;WP KUALA LUMPUR
50720;Kuala Lumpur;WP KUALA LUMPUR
50722;Kuala Lumpur;WP KUALA LUMPUR
50724;Kuala Lumpur;WP KUALA LUMPUR
50726;Kuala Lumpur;WP KUALA LUMPUR
50728;Kuala Lumpur;WP KUALA LUMPUR
50730;Kuala Lumpur;WP KUALA LUMPUR
50732;Kuala Lumpur;WP KUALA LUMPUR
50734;Kuala Lumpur;WP KUALA LUMPUR
50736;Kuala Lumpur;WP KUALA LUMPUR
50738;Kuala Lumpur;WP KUALA LUMPUR
50740;Kuala Lumpur;WP KUALA LUMPUR
50742;Kuala Lumpur;WP KUALA LUMPUR
50744;Kuala Lumpur;WP KUALA LUMPUR
50746;Kuala Lumpur;WP KUALA LUMPUR
50748;Kuala Lumpur;WP KUALA LUMPUR
50750;Kuala Lumpur;WP KUALA LUMPUR
50752;Kuala Lumpur;WP KUALA LUMPUR
50754;Kuala Lumpur;WP KUALA LUMPUR
50758;Kuala Lumpur;WP KUALA LUMPUR
50760;Kuala Lumpur;WP KUALA LUMPUR
50762;Kuala Lumpur;WP KUALA LUMPUR
50764;Kuala Lumpur;WP KUALA LUMPUR
50766;Kuala Lumpur;WP KUALA LUMPUR
50768;Kuala Lumpur;WP KUALA LUMPUR
50770;Kuala Lumpur;WP KUALA LUMPUR
50772;Kuala Lumpur;WP KUALA LUMPUR
50774;Kuala Lumpur;WP KUALA LUMPUR
50776;Kuala Lumpur;WP KUALA LUMPUR
50778;Kuala Lumpur;WP KUALA LUMPUR
50780;Kuala Lumpur;WP KUALA LUMPUR
50782;Kuala Lumpur;WP KUALA LUMPUR
50784;Kuala Lumpur;WP KUALA LUMPUR
50786;Kuala Lumpur;WP KUALA LUMPUR
50788;Kuala Lumpur;WP KUALA LUMPUR
50790;Kuala Lumpur;WP KUALA LUMPUR
50792;Kuala Lumpur;WP KUALA LUMPUR
50794;Kuala Lumpur;WP KUALA LUMPUR
50796;Kuala Lumpur;WP KUALA LUMPUR
50798;Kuala Lumpur;WP KUALA LUMPUR
50800;Kuala Lumpur;WP KUALA LUMPUR
50802;Kuala Lumpur;WP KUALA LUMPUR
50804;Kuala Lumpur;WP KUALA LUMPUR
50806;Kuala Lumpur;WP KUALA LUMPUR
50808;Kuala Lumpur;WP KUALA LUMPUR
50810;Kuala Lumpur;WP KUALA LUMPUR
50812;Kuala Lumpur;WP KUALA LUMPUR
50814;Kuala Lumpur;WP KUALA LUMPUR
50816;Kuala Lumpur;WP KUALA LUMPUR
50818;Kuala Lumpur;WP KUALA LUMPUR
50901;Kuala Lumpur;WP KUALA LUMPUR
50902;Kuala Lumpur;WP KUALA LUMPUR
50903;Kuala Lumpur;WP KUALA LUMPUR
50904;Kuala Lumpur;WP KUALA LUMPUR
50906;Kuala Lumpur;WP KUALA LUMPUR
50907;Kuala Lumpur;WP KUALA LUMPUR
50908;Kuala Lumpur;WP KUALA LUMPUR
50909;Kuala Lumpur;WP KUALA LUMPUR
50910;Kuala Lumpur;WP KUALA LUMPUR
50911;Kuala Lumpur;WP KUALA LUMPUR
50912;Kuala Lumpur;WP KUALA LUMPUR
50913;Kuala Lumpur;WP KUALA LUMPUR
50914;Kuala Lumpur;WP KUALA LUMPUR
50915;Kuala Lumpur;WP KUALA LUMPUR
50916;Kuala Lumpur;WP KUALA LUMPUR
50917;Kuala Lumpur;WP KUALA LUMPUR
50918;Kuala Lumpur;WP KUALA LUMPUR
50919;Kuala Lumpur;WP KUALA LUMPUR
50920;Kuala Lumpur;WP KUALA LUMPUR
50921;Kuala Lumpur;WP KUALA LUMPUR
50922;Kuala Lumpur;WP KUALA LUMPUR
50923;Kuala Lumpur;WP KUALA LUMPUR
50924;Kuala Lumpur;WP KUALA LUMPUR
50925;Kuala Lumpur;WP KUALA LUMPUR
50926;Kuala Lumpur;WP KUALA LUMPUR
50927;Kuala Lumpur;WP KUALA LUMPUR
50928;Kuala Lumpur;WP KUALA LUMPUR
50929;Kuala Lumpur;WP KUALA LUMPUR
50930;Kuala Lumpur;WP KUALA LUMPUR
50931;Kuala Lumpur;WP KUALA LUMPUR
50932;Kuala Lumpur;WP KUALA LUMPUR
50933;Kuala Lumpur;WP KUALA LUMPUR
50934;Kuala Lumpur;WP KUALA LUMPUR
50935;Kuala Lumpur;WP KUALA LUMPUR
50936;Kuala Lumpur;WP KUALA LUMPUR
50937;Kuala Lumpur;WP KUALA LUMPUR
50938;Kuala Lumpur;WP KUALA LUMPUR
50939;Kuala Lumpur;WP KUALA LUMPUR
50940;Kuala Lumpur;WP KUALA LUMPUR
50941;Kuala Lumpur;WP KUALA LUMPUR
50942;Kuala Lumpur;WP KUALA LUMPUR
50943;Kuala Lumpur;WP KUALA LUMPUR
50944;Kuala Lumpur;WP KUALA LUMPUR
50945;Kuala Lumpur;WP KUALA LUMPUR
50946;Kuala Lumpur;WP KUALA LUMPUR
50947;Kuala Lumpur;WP KUALA LUMPUR
50948;Kuala Lumpur;WP KUALA LUMPUR
50949;Kuala Lumpur;WP KUALA LUMPUR
50950;Kuala Lumpur;WP KUALA LUMPUR
50988;Kuala Lumpur;WP KUALA LUMPUR
50989;Kuala Lumpur;WP KUALA LUMPUR
50990;Kuala Lumpur;WP KUALA LUMPUR
51000;Kuala Lumpur;WP KUALA LUMPUR
51100;Kuala Lumpur;WP KUALA LUMPUR
51200;Kuala Lumpur;WP KUALA LUMPUR
51700;Kuala Lumpur;WP KUALA LUMPUR
51990;Kuala Lumpur;WP KUALA LUMPUR
52000;Kuala Lumpur;WP KUALA LUMPUR
52100;Kuala Lumpur;WP KUALA LUMPUR
52200;Kuala Lumpur;WP KUALA LUMPUR
53000;Kuala Lumpur;WP KUALA LUMPUR
53100;Kuala Lumpur;WP KUALA LUMPUR
53200;Kuala Lumpur;WP KUALA LUMPUR
53300;Kuala Lumpur;WP KUALA LUMPUR
53700;Kuala Lumpur;WP KUALA LUMPUR
53800;Kuala Lumpur;WP KUALA LUMPUR
53990;Kuala Lumpur;WP KUALA LUMPUR
54000;Kuala Lumpur;WP KUALA LUMPUR
54100;Kuala Lumpur;WP KUALA LUMPUR
54200;Kuala Lumpur;WP KUALA LUMPUR
55000;Kuala Lumpur;WP KUALA LUMPUR
55100;Kuala Lumpur;WP KUALA LUMPUR
55200;Kuala Lumpur;WP KUALA LUMPUR
55300;Kuala Lumpur;WP KUALA LUMPUR
55700;Kuala Lumpur;WP KUALA LUMPUR
55710;Kuala Lumpur;WP KUALA LUMPUR
55720;Kuala Lumpur;WP KUALA LUMPUR
55900;Kuala Lumpur;WP KUALA LUMPUR
55902;Kuala Lumpur;WP KUALA LUMPUR
55904;Kuala Lumpur;WP KUALA LUMPUR
55906;Kuala Lumpur;WP KUALA LUMPUR
55908;Kuala Lumpur;WP KUALA LUMPUR
55910;Kuala Lumpur;WP KUALA LUMPUR
55912;Kuala Lumpur;WP KUALA LUMPUR
55914;Kuala Lumpur;WP KUALA LUMPUR
55916;Kuala Lumpur;WP KUALA LUMPUR
55918;Kuala Lumpur;WP KUALA LUMPUR
55920;Kuala Lumpur;WP KUALA LUMPUR
55922;Kuala Lumpur;WP KUALA LUMPUR
55924;Kuala Lumpur;WP KUALA LUMPUR
55926;Kuala Lumpur;WP KUALA LUMPUR
55928;Kuala Lumpur;WP KUALA LUMPUR
55930;Kuala Lumpur;WP KUALA LUMPUR
55932;Kuala Lumpur;WP KUALA LUMPUR
55934;Kuala Lumpur;WP KUALA LUMPUR
55990;Kuala Lumpur;WP KUALA LUMPUR
56000;Kuala Lumpur;WP KUALA LUMPUR
56100;Kuala Lumpur;WP KUALA LUMPUR
57000;Kuala Lumpur;WP KUALA LUMPUR
57100;Kuala Lumpur;WP KUALA LUMPUR
57700;Kuala Lumpur;WP KUALA LUMPUR
57990;Kuala Lumpur;WP KUALA LUMPUR
58000;Kuala Lumpur;WP KUALA LUMPUR
58100;Kuala Lumpur;WP KUALA LUMPUR
58200;Kuala Lumpur;WP KUALA LUMPUR
58700;Kuala Lumpur;WP KUALA LUMPUR
58990;Kuala Lumpur;WP KUALA LUMPUR
59000;Kuala Lumpur;WP KUALA LUMPUR
59100;Kuala Lumpur;WP KUALA LUMPUR
59200;Kuala Lumpur;WP KUALA LUMPUR
59700;Kuala Lumpur;WP KUALA LUMPUR
59800;Kuala Lumpur;WP KUALA LUMPUR
59990;Kuala Lumpur;WP KUALA LUMPUR
60000;Kuala Lumpur;WP KUALA LUMPUR
62000;Putrajaya;WP PUTRAJAYA
62007;Putrajaya;WP PUTRAJAYA
62050;Putrajaya;WP PUTRAJAYA
62100;Putrajaya;WP PUTRAJAYA
62150;Putrajaya;WP PUTRAJAYA
62200;Putrajaya;WP PUTRAJAYA
62250;Putrajaya;WP PUTRAJAYA
62300;Putrajaya;WP PUTRAJAYA
62502;Putrajaya;WP PUTRAJAYA
62504;Putrajaya;WP PUTRAJAYA
62505;Putrajaya;WP PUTRAJAYA
62506;Putrajaya;WP PUTRAJAYA
62510;Putrajaya;WP PUTRAJAYA
62512;Putrajaya;WP PUTRAJAYA
62514;Putrajaya;WP PUTRAJAYA
62516;Putrajaya;WP PUTRAJAYA
62517;Putrajaya;WP PUTRAJAYA
62518;Putrajaya;WP PUTRAJAYA
62519;Putrajaya;WP PUTRAJAYA
62520;Putrajaya;WP PUTRAJAYA
62522;Putrajaya;WP PUTRAJAYA
62524;Putrajaya;WP PUTRAJAYA
62526;Putrajaya;WP PUTRAJAYA
62527;Putrajaya;WP PUTRAJAYA
62530;Putrajaya;WP PUTRAJAYA
62532;Putrajaya;WP PUTRAJAYA
62536;Putrajaya;WP PUTRAJAYA
62540;Putrajaya;WP PUTRAJAYA
62542;Putrajaya;WP PUTRAJAYA
62546;Putrajaya;WP PUTRAJAYA
62550;Putrajaya;WP PUTRAJAYA
62551;Putrajaya;WP PUTRAJAYA
62570;Putrajaya;WP PUTRAJAYA
62574;Putrajaya;WP PUTRAJAYA
62576;Putrajaya;WP PUTRAJAYA
62582;Putrajaya;WP PUTRAJAYA
62584;Putrajaya;WP PUTRAJAYA
62590;Putrajaya;WP PUTRAJAYA
62592;Putrajaya;WP PUTRAJAYA
62596;Putrajaya;WP PUTRAJAYA
62602;Putrajaya;WP PUTRAJAYA
62604;Putrajaya;WP PUTRAJAYA
62605;Putrajaya;WP PUTRAJAYA
62606;Putrajaya;WP PUTRAJAYA
62616;Putrajaya;WP PUTRAJAYA
62618;Putrajaya;WP PUTRAJAYA
62620;Putrajaya;WP PUTRAJAYA
62623;Putrajaya;WP PUTRAJAYA
62624;Putrajaya;WP PUTRAJAYA
62628;Putrajaya;WP PUTRAJAYA
62630;Putrajaya;WP PUTRAJAYA
62632;Putrajaya;WP PUTRAJAYA
62648;Putrajaya;WP PUTRAJAYA
62652;Putrajaya;WP PUTRAJAYA
62654;Putrajaya;WP PUTRAJAYA
62662;Putrajaya;WP PUTRAJAYA
62668;Putrajaya;WP PUTRAJAYA
62670;Putrajaya;WP PUTRAJAYA
62674;Putrajaya;WP PUTRAJAYA
62675;Putrajaya;WP PUTRAJAYA
62676;Putrajaya;WP PUTRAJAYA
62677;Putrajaya;WP PUTRAJAYA
62686;Putrajaya;WP PUTRAJAYA
62692;Putrajaya;WP PUTRAJAYA
62988;Putrajaya;WP PUTRAJAYA
63000;Cyberjaya;SELANGOR
63100;Cyberjaya;SELANGOR
63200;Cyberjaya;SELANGOR
63300;Cyberjaya;SELANGOR
64000;KLIA;SELANGOR
68000;Ampang;SELANGOR
68100;Batu Caves;SELANGOR
69000;Genting Highlands;PAHANG
70000;Seremban;NEGERI SEMBILAN
70100;Seremban;NEGERI SEMBILAN
70200;Seremban;NEGERI SEMBILAN
70300;Seremban;NEGERI SEMBILAN
70400;Seremban;NEGERI SEMBILAN
70450;Seremban;NEGERI SEMBILAN
70500;Seremban;NEGERI SEMBILAN
70502;Seremban;NEGERI SEMBILAN
70503;Seremban;NEGERI SEMBILAN
70504;Seremban;NEGERI SEMBILAN
70505;Seremban;NEGERI SEMBILAN
70506;Seremban;NEGERI SEMBILAN
70508;Seremban;NEGERI SEMBILAN
70512;Seremban;NEGERI SEMBILAN
70516;Seremban;NEGERI SEMBILAN
70517;Seremban;NEGERI SEMBILAN
70518;Seremban;NEGERI SEMBILAN
70532;Seremban;NEGERI SEMBILAN
70534;Seremban;NEGERI SEMBILAN
70536;Seremban;NEGERI SEMBILAN
70540;Seremban;NEGERI SEMBILAN
70546;Seremban;NEGERI SEMBILAN
70548;Seremban;NEGERI SEMBILAN
70550;Seremban;NEGERI SEMBILAN
70551;Seremban;NEGERI SEMBILAN
70558;Seremban;NEGERI SEMBILAN
70560;Seremban;NEGERI SEMBILAN
70564;Seremban;NEGERI SEMBILAN
70570;Seremban;NEGERI SEMBILAN
70572;Seremban;NEGERI SEMBILAN
70576;Seremban;NEGERI SEMBILAN
70578;Seremban;NEGERI SEMBILAN
70582;Seremban;NEGERI SEMBILAN
70586;Seremban;NEGERI SEMBILAN
70590;Seremban;NEGERI SEMBILAN
70592;Seremban;NEGERI SEMBILAN
70594;Seremban;NEGERI SEMBILAN
70596;Seremban;NEGERI SEMBILAN
70600;Seremban;NEGERI SEMBILAN
70604;Seremban;NEGERI SEMBILAN
70606;Seremban;NEGERI SEMBILAN
70608;Seremban;NEGERI SEMBILAN
70609;Seremban;NEGERI SEMBILAN
70610;Seremban;NEGERI SEMBILAN
70620;Seremban;NEGERI SEMBILAN
70626;Seremban;NEGERI SEMBILAN
70628;Seremban;NEGERI SEMBILAN
70632;Seremban;NEGERI SEMBILAN
70634;Seremban;NEGERI SEMBILAN
70644;Seremban;NEGERI SEMBILAN
70646;Seremban;NEGERI SEMBILAN
70648;Seremban;NEGERI SEMBILAN
70658;Seremban;NEGERI SEMBILAN
70664;Seremban;NEGERI SEMBILAN
70670;Seremban;NEGERI SEMBILAN
70672;Seremban;NEGERI SEMBILAN
70673;Seremban;NEGERI SEMBILAN
70674;Seremban;NEGERI SEMBILAN
70676;Seremban;NEGERI SEMBILAN
70690;Seremban;NEGERI SEMBILAN
70700;Seremban;NEGERI SEMBILAN
70710;Seremban;NEGERI SEMBILAN
70720;Seremban;NEGERI SEMBILAN
70730;Seremban;NEGERI SEMBILAN
70740;Seremban;NEGERI SEMBILAN
70750;Seremban;NEGERI SEMBILAN
70990;Seremban;NEGERI SEMBILAN
71000;Port Dickson;NEGERI SEMBILAN
71007;Port Dickson;NEGERI SEMBILAN
71009;Port Dickson;NEGERI SEMBILAN
71010;Port Dickson;NEGERI SEMBILAN
71050;Si Rusa;NEGERI SEMBILAN
71059;Si Rusa;NEGERI SEMBILAN
71100;Rantau;NEGERI SEMBILAN
71109;Rantau;NEGERI SEMBILAN
71150;Linggi;NEGERI SEMBILAN
71159;Linggi;NEGERI SEMBILAN
71200;Rantau;NEGERI SEMBILAN
71209;Rantau;NEGERI SEMBILAN
71250;Si Rusa;NEGERI SEMBILAN
71259;Si Rusa;NEGERI SEMBILAN
71300;Rembau;NEGERI SEMBILAN
71309;Rembau;NEGERI SEMBILAN
71350;Kota;NEGERI SEMBILAN
71359;Kota;NEGERI SEMBILAN
71400;Rembau;NEGERI SEMBILAN
71409;Rembau;NEGERI SEMBILAN
71450;Seremban;NEGERI SEMBILAN
71459;Seremban;NEGERI SEMBILAN
71500;Tanjong Ipoh;NEGERI SEMBILAN
71509;Tanjong Ipoh;NEGERI SEMBILAN
71550;Tanjong Ipoh;NEGERI SEMBILAN
71559;Tanjong Ipoh;NEGERI SEMBILAN
71600;Kuala Klawang;NEGERI SEMBILAN
71609;Kuala Klawang;NEGERI SEMBILAN
71650;Kuala Klawang;NEGERI SEMBILAN
71659;Kuala Klawang;NEGERI SEMBILAN
71700;Mantin;NEGERI SEMBILAN
71707;Mantin;NEGERI SEMBILAN
71709;Mantin;NEGERI SEMBILAN
71750;Mantin;NEGERI SEMBILAN
71759;Mantin;NEGERI SEMBILAN
71760;Bandar Enstek;NEGERI SEMBILAN
71770;Seremban;NEGERI SEMBILAN
71800;Nilai;NEGERI SEMBILAN
71807;Nilai;NEGERI SEMBILAN
71809;Nilai;NEGERI SEMBILAN
71900;Labu;NEGERI SEMBILAN
71907;Labu;NEGERI SEMBILAN
71909;Labu;NEGERI SEMBILAN
71950;Seremban;NEGERI SEMBILAN
71960;Port Dickson;NEGERI SEMBILAN
72000;Kuala Pilah;NEGERI SEMBILAN
72007;Kuala Pilah;NEGERI SEMBILAN
72009;Kuala Pilah;NEGERI SEMBILAN
72100;Bahau;NEGERI SEMBILAN
72107;Bahau;NEGERI SEMBILAN
72109;Bahau;NEGERI SEMBILAN
72120;Bandar Seri Jempol;NEGERI SEMBILAN
72127;Bandar Seri Jempol;NEGERI SEMBILAN
72129;Bandar Seri Jempol;NEGERI SEMBILAN
72200;Batu Kikir;NEGERI SEMBILAN
72207;Batu Kikir;NEGERI SEMBILAN
72209;Batu Kikir;NEGERI SEMBILAN
72300;Simpang Pertang;NEGERI SEMBILAN
72307;Simpang Pertang;NEGERI SEMBILAN
72309;Simpang Pertang;NEGERI SEMBILAN
72400;Simpang Durian;NEGERI SEMBILAN
72409;Simpang Durian;NEGERI SEMBILAN
72500;Kuala Pilah;NEGERI SEMBILAN
72507;Kuala Pilah;NEGERI SEMBILAN
72509;Kuala Pilah;NEGERI SEMBILAN
73000;Tampin;NEGERI SEMBILAN
73007;Tampin;NEGERI SEMBILAN
73009;Tampin;NEGERI SEMBILAN
73100;Johol;NEGERI SEMBILAN
73109;Johol;NEGERI SEMBILAN
73200;Gemencheh;NEGERI SEMBILAN
73207;Gemencheh;NEGERI SEMBILAN
73209;Gemencheh;NEGERI SEMBILAN
73300;Gemencheh;NEGERI SEMBILAN
73309;Gemencheh;NEGERI SEMBILAN
73400;Gemas;NEGERI SEMBILAN
73409;Gemas;NEGERI SEMBILAN
73420;Gemas;NEGERI SEMBILAN
73430;Pusat Bandar Palong;NEGERI SEMBILAN
73440;Pusat Bandar Palong;NEGERI SEMBILAN
73450;Pusat Bandar Palong;NEGERI SEMBILAN
73460;Pusat Bandar Palong;NEGERI SEMBILAN
73470;Pusat Bandar Palong;NEGERI SEMBILAN
73480;Gemas;NEGERI SEMBILAN
73500;Rompin;NEGERI SEMBILAN
73507;Rompin;NEGERI SEMBILAN
73509;Rompin;NEGERI SEMBILAN
75000;Melaka;MELAKA
75050;Melaka;MELAKA
75100;Melaka;MELAKA
75150;Melaka;MELAKA
75200;Melaka;MELAKA
75250;Melaka;MELAKA
75260;Melaka;MELAKA
75300;Melaka;MELAKA
75350;Melaka;MELAKA
75400;Melaka;MELAKA
75450;Ayer Keroh;MELAKA
75460;Melaka;MELAKA
75500;Melaka;MELAKA
75502;Melaka;MELAKA
75503;Melaka;MELAKA
75504;Melaka;MELAKA
75505;Melaka;MELAKA
75506;Melaka;MELAKA
75508;Melaka;MELAKA
75510;Melaka;MELAKA
75512;Melaka;MELAKA
75514;Melaka;MELAKA
75516;Melaka;MELAKA
75517;Melaka;MELAKA
75518;Melaka;MELAKA
75519;Melaka;MELAKA
75532;Melaka;MELAKA
75536;Melaka;MELAKA
75538;Melaka;MELAKA
75540;Melaka;MELAKA
75542;Melaka;MELAKA
75546;Melaka;MELAKA
75550;Melaka;MELAKA
75551;Melaka;MELAKA
75552;Melaka;MELAKA
75560;Melaka;MELAKA
75564;Melaka;MELAKA
75566;Melaka;MELAKA
75570;Melaka;MELAKA
75572;Melaka;MELAKA
75576;Melaka;MELAKA
75578;Melaka;MELAKA
75582;Melaka;MELAKA
75584;Melaka;MELAKA
75586;Melaka;MELAKA
75590;Melaka;MELAKA
75592;Melaka;MELAKA
75594;Melaka;MELAKA
75596;Melaka;MELAKA
75600;Melaka;MELAKA
75604;Melaka;MELAKA
75606;Melaka;MELAKA
75608;Melaka;MELAKA
75609;Melaka;MELAKA
75610;Melaka;MELAKA
75612;Melaka;MELAKA
75618;Melaka;MELAKA
75620;Melaka;MELAKA
75622;Melaka;MELAKA
75626;Melaka;MELAKA
75628;Melaka;MELAKA
75630;Melaka;MELAKA
75632;Melaka;MELAKA
75646;Melaka;MELAKA
75648;Melaka;MELAKA
75662;Melaka;MELAKA
75670;Melaka;MELAKA
75672;Melaka;MELAKA
75673;Melaka;MELAKA
75674;Melaka;MELAKA
75676;Melaka;MELAKA
75690;Melaka;MELAKA
75700;Melaka;MELAKA
75710;Melaka;MELAKA
75720;Melaka;MELAKA
75730;Melaka;MELAKA
75740;Melaka;MELAKA
75750;Melaka;MELAKA
75760;Melaka;MELAKA
75900;Melaka;MELAKA
75902;Melaka;MELAKA
75904;Melaka;MELAKA
75906;Melaka;MELAKA
75908;Melaka;MELAKA
75910;Melaka;MELAKA
75912;Melaka;MELAKA
75914;Melaka;MELAKA
75916;Melaka;MELAKA
75918;Melaka;MELAKA
75990;Melaka;MELAKA
76100;Durian Tunggal;MELAKA
76109;Durian Tunggal;MELAKA
76200;Kem Trendak;MELAKA
76300;Sungai Udang;MELAKA
76400;Tanjong Kling;MELAKA
76409;Tanjong Kling;MELAKA
76450;Melaka;MELAKA
77000;Jasin;MELAKA
77007;Jasin;MELAKA
77008;Jasin;MELAKA
77009;Jasin;MELAKA
77100;Asahan;MELAKA
77109;Asahan;MELAKA
77200;Bemban;MELAKA
77300;Merlimau;MELAKA
77309;Merlimau;MELAKA
77400;Sungai Rambai;MELAKA
77409;Sungai Rambai;MELAKA
77500;Selandar;MELAKA
78000;Alor Gajah;MELAKA
78009;Alor Gajah;MELAKA
78100;Lubok China;MELAKA
78200;Kuala Sungai Baru;MELAKA
78300;Masjid Tanah;MELAKA
78307;Masjid Tanah;MELAKA
78309;Masjid Tanah;MELAKA
79000;Nusajaya;JOHOR
79100;Nusajaya;JOHOR
79150;Nusajaya;JOHOR
79200;Nusajaya;JOHOR
79250;Nusajaya;JOHOR
79502;Nusajaya;JOHOR
79503;Nusajaya;JOHOR
79504;Nusajaya;JOHOR
79505;Nusajaya;JOHOR
79511;Nusajaya;JOHOR
79513;Nusajaya;JOHOR
79514;Nusajaya;JOHOR
79517;Nusajaya;JOHOR
79518;Nusajaya;JOHOR
79520;Nusajaya;JOHOR
79521;Nusajaya;JOHOR
79523;Nusajaya;JOHOR
79532;Nusajaya;JOHOR
79538;Nusajaya;JOHOR
79540;Nusajaya;JOHOR
79546;Nusajaya;JOHOR
79548;Nusajaya;JOHOR
79550;Nusajaya;JOHOR
79552;Nusajaya;JOHOR
79555;Nusajaya;JOHOR
79570;Nusajaya;JOHOR
79575;Nusajaya;JOHOR
79576;Nusajaya;JOHOR
79592;Nusajaya;JOHOR
79601;Nusajaya;JOHOR
79603;Nusajaya;JOHOR
79605;Nusajaya;JOHOR
79606;Nusajaya;JOHOR
79612;Nusajaya;JOHOR
79626;Nusajaya;JOHOR
79630;Nusajaya;JOHOR
79632;Nusajaya;JOHOR
79646;Nusajaya;JOHOR
79658;Nusajaya;JOHOR
79660;Nusajaya;JOHOR
79680;Nusajaya;JOHOR
79681;Nusajaya;JOHOR
79683;Nusajaya;JOHOR
80000;Johor Bahru;JOHOR
80050;Johor Bahru;JOHOR
80100;Johor Bahru;JOHOR
80150;Johor Bahru;JOHOR
80200;Johor Bahru;JOHOR
80250;Johor Bahru;JOHOR
80300;Johor Bahru;JOHOR
80350;Johor Bahru;JOHOR
80400;Johor Bahru;JOHOR
80500;Johor Bahru;JOHOR
80506;Johor Bahru;JOHOR
80508;Johor Bahru;JOHOR
80516;Johor Bahru;JOHOR
80519;Johor Bahru;JOHOR
80534;Johor Bahru;JOHOR
80536;Johor Bahru;JOHOR
80542;Johor Bahru;JOHOR
80546;Johor Bahru;JOHOR
80558;Johor Bahru;JOHOR
80560;Johor Bahru;JOHOR
80564;Johor Bahru;JOHOR
80568;Johor Bahru;JOHOR
80578;Johor Bahru;JOHOR
80584;Johor Bahru;JOHOR
80586;Johor Bahru;JOHOR
80590;Johor Bahru;JOHOR
80592;Johor Bahru;JOHOR
80594;Johor Bahru;JOHOR
80596;Johor Bahru;JOHOR
80600;Johor Bahru;JOHOR
80604;Johor Bahru;JOHOR
80608;Johor Bahru;JOHOR
80620;Johor Bahru;JOHOR
80622;Johor Bahru;JOHOR
80628;Johor Bahru;JOHOR
80644;Johor Bahru;JOHOR
80648;Johor Bahru;JOHOR
80662;Johor Bahru;JOHOR
80664;Johor Bahru;JOHOR
80668;Johor Bahru;JOHOR
80670;Johor Bahru;JOHOR
80672;Johor Bahru;JOHOR
80673;Johor Bahru;JOHOR
80676;Johor Bahru;JOHOR
80700;Johor Bahru;JOHOR
80710;Johor Bahru;JOHOR
80720;Johor Bahru;JOHOR
80730;Johor Bahru;JOHOR
80900;Johor Bahru;JOHOR
80902;Johor Bahru;JOHOR
80904;Johor Bahru;JOHOR
80906;Johor Bahru;JOHOR
80908;Johor Bahru;JOHOR
80988;Johor Bahru;JOHOR
80990;Johor Bahru;JOHOR
81000;WP KUALA LUMPURai;JOHOR
81100;Johor Bahru;JOHOR
81200;Johor Bahru;JOHOR
81300;Johor Bahru;JOHOR
81310;Johor Bahru;JOHOR
81400;Senai;JOHOR
81440;Bandar Tenggara;JOHOR
81450;Gugusan Taib Andak;JOHOR
81500;Pekan Nenas;JOHOR
81550;Gelang Patah;JOHOR
81600;Pengerang;JOHOR
81700;Pasir Gudang;JOHOR
81750;Masai;JOHOR
81800;Ulu Tiram;JOHOR
81850;Layang-Layang;JOHOR
81900;Kota Tinggi;JOHOR
81920;Ayer Tawar 2;JOHOR
81930;Bandar Penawar;JOHOR
82000;Pontian;JOHOR
82100;Ayer Baloi;JOHOR
82200;Benut;JOHOR
82300;Kukup;JOHOR
83000;Batu Pahat;JOHOR
83100;Rengit;JOHOR
83200;Senggarang;JOHOR
83300;Seri Gading;JOHOR
83400;Seri Medan;JOHOR
83500;Parit Sulong;JOHOR
83600;Semerah;JOHOR
83700;Yong Peng;JOHOR
84000;Muar;JOHOR
84150;Parit Jawa;JOHOR
84200;Muar;JOHOR
84300;Bukit Pasir;JOHOR
84400;Sungai Mati;JOHOR
84500;Panchor;JOHOR
84600;Pagoh;JOHOR
84700;Gerisek;JOHOR
84800;Bukit Gambir;JOHOR
84900;Tangkak;JOHOR
85000;Segamat;JOHOR
85100;Batu Anam;JOHOR
85200;Jementah;JOHOR
85300;Labis;JOHOR
85400;Chaah;JOHOR
86000;Kluang;JOHOR
86100;Ayer Hitam;JOHOR
86200;Simpang Rengam;JOHOR
86300;Rengam;JOHOR
86400;Parit Raja;JOHOR
86500;Bekok;JOHOR
86600;Paloh;JOHOR
86700;Kahang;JOHOR
86800;Mersing;JOHOR
86810;Mersing;JOHOR
86900;Endau;JOHOR
87000;Labuan;WP LABUAN
87010;Labuan;WP LABUAN
87011;Labuan;WP LABUAN
87012;Labuan;WP LABUAN
87013;Labuan;WP LABUAN
87014;Labuan;WP LABUAN
87015;Labuan;WP LABUAN
87016;Labuan;WP LABUAN
87017;Labuan;WP LABUAN
87018;Labuan;WP LABUAN
87019;Labuan;WP LABUAN
87020;Labuan;WP LABUAN
87021;Labuan;WP LABUAN
87022;Labuan;WP LABUAN
87023;Labuan;WP LABUAN
87024;Labuan;WP LABUAN
87025;Labuan;WP LABUAN
87026;Labuan;WP LABUAN
87027;Labuan;WP LABUAN
87028;Labuan;WP LABUAN
87029;Labuan;WP LABUAN
87030;Labuan;WP LABUAN
87031;Labuan;WP LABUAN
87032;Labuan;WP LABUAN
87033;Labuan;WP LABUAN
88000;Kota Kinabalu;SABAH
88100;Kota Kinabalu;SABAH
88200;Kota Kinabalu;SABAH
88300;Kota Kinabalu;SABAH
88400;Kota Kinabalu;SABAH
88450;Kota Kinabalu;SABAH
88460;Kota Kinabalu;SABAH
88500;Kota Kinabalu;SABAH
88502;Kota Kinabalu;SABAH
88504;Kota Kinabalu;SABAH
88505;Kota Kinabalu;SABAH
88506;Kota Kinabalu;SABAH
88508;Kota Kinabalu;SABAH
88510;Kota Kinabalu;SABAH
88512;Kota Kinabalu;SABAH
88514;Kota Kinabalu;SABAH
88516;Kota Kinabalu;SABAH
88518;Kota Kinabalu;SABAH
88520;Kota Kinabalu;SABAH
88526;Kota Kinabalu;SABAH
88527;Kota Kinabalu;SABAH
88532;Kota Kinabalu;SABAH
88534;Kota Kinabalu;SABAH
88538;Kota Kinabalu;SABAH
88540;Kota Kinabalu;SABAH
88546;Kota Kinabalu;SABAH
88550;Kota Kinabalu;SABAH
88551;Kota Kinabalu;SABAH
88552;Kota Kinabalu;SABAH
88554;Kota Kinabalu;SABAH
88556;Kota Kinabalu;SABAH
88558;Kota Kinabalu;SABAH
88560;Kota Kinabalu;SABAH
88562;Kota Kinabalu;SABAH
88564;Kota Kinabalu;SABAH
88566;Kota Kinabalu;SABAH
88568;Kota Kinabalu;SABAH
88570;Kota Kinabalu;SABAH
88572;Kota Kinabalu;SABAH
88576;Kota Kinabalu;SABAH
88580;Kota Kinabalu;SABAH
88582;Kota Kinabalu;SABAH
88586;Kota Kinabalu;SABAH
88590;Kota Kinabalu;SABAH
88592;Kota Kinabalu;SABAH
88594;Kota Kinabalu;SABAH
88596;Kota Kinabalu;SABAH
88598;Kota Kinabalu;SABAH
88600;Kota Kinabalu;SABAH
88602;Kota Kinabalu;SABAH
88604;Kota Kinabalu;SABAH
88606;Kota Kinabalu;SABAH
88608;Kota Kinabalu;SABAH
88609;Kota Kinabalu;SABAH
88610;Kota Kinabalu;SABAH
88612;Kota Kinabalu;SABAH
88614;Kota Kinabalu;SABAH
88617;Kota Kinabalu;SABAH
88618;Kota Kinabalu;SABAH
88620;Kota Kinabalu;SABAH
88621;Kota Kinabalu;SABAH
88622;Kota Kinabalu;SABAH
88624;Kota Kinabalu;SABAH
88626;Kota Kinabalu;SABAH
88628;Kota Kinabalu;SABAH
88630;Kota Kinabalu;SABAH
88632;Kota Kinabalu;SABAH
88634;Kota Kinabalu;SABAH
88644;Kota Kinabalu;SABAH
88646;Kota Kinabalu;SABAH
88648;Kota Kinabalu;SABAH
88656;Kota Kinabalu;SABAH
88658;Kota Kinabalu;SABAH
88660;Kota Kinabalu;SABAH
88661;Kota Kinabalu;SABAH
88662;Kota Kinabalu;SABAH
88670;Kota Kinabalu;SABAH
88672;Kota Kinabalu;SABAH
88673;Kota Kinabalu;SABAH
88675;Kota Kinabalu;SABAH
88676;Kota Kinabalu;SABAH
88680;Kota Kinabalu;SABAH
88690;Kota Kinabalu;SABAH
88700;Beverly;SABAH
88721;Putatan;SABAH
88722;Putatan;SABAH
88723;Putatan;SABAH
88724;Putatan;SABAH
88725;Putatan;SABAH
88757;Kota Kinabalu;SABAH
88758;Kota Kinabalu;SABAH
88759;Kota Kinabalu;SABAH
88760;Kota Kinabalu;SABAH
88761;Kota Kinabalu;SABAH
88762;Kota Kinabalu;SABAH
88763;Kota Kinabalu;SABAH
88764;Kota Kinabalu;SABAH
88765;Kota Kinabalu;SABAH
88766;Kota Kinabalu;SABAH
88767;Kota Kinabalu;SABAH
88768;Kota Kinabalu;SABAH
88769;Kota Kinabalu;SABAH
88770;Kota Kinabalu;SABAH
88771;Kota Kinabalu;SABAH
88772;Kota Kinabalu;SABAH
88773;Kota Kinabalu;SABAH
88774;Kota Kinabalu;SABAH
88775;Kota Kinabalu;SABAH
88776;Kota Kinabalu;SABAH
88777;Kota Kinabalu;SABAH
88778;Kota Kinabalu;SABAH
88779;Kota Kinabalu;SABAH
88780;Kota Kinabalu;SABAH
88781;Kota Kinabalu;SABAH
88782;Kota Kinabalu;SABAH
88783;Kota Kinabalu;SABAH
88784;Kota Kinabalu;SABAH
88785;Kota Kinabalu;SABAH
88786;Kota Kinabalu;SABAH
88787;Kota Kinabalu;SABAH
88788;Kota Kinabalu;SABAH
88789;Kota Kinabalu;SABAH
88790;Kota Kinabalu;SABAH
88800;Kota Kinabalu;SABAH
88801;Kota Kinabalu;SABAH
88802;Kota Kinabalu;SABAH
88803;Kota Kinabalu;SABAH
88804;Kota Kinabalu;SABAH
88805;Kota Kinabalu;SABAH
88806;Kota Kinabalu;SABAH
88807;Kota Kinabalu;SABAH
88808;Kota Kinabalu;SABAH
88809;Kota Kinabalu;SABAH
88810;Kota Kinabalu;SABAH
88811;Kota Kinabalu;SABAH
88812;Kota Kinabalu;SABAH
88813;Kota Kinabalu;SABAH
88814;Kota Kinabalu;SABAH
88815;Kota Kinabalu;SABAH
88816;Kota Kinabalu;SABAH
88817;Kota Kinabalu;SABAH
88818;Kota Kinabalu;SABAH
88819;Kota Kinabalu;SABAH
88820;Kota Kinabalu;SABAH
88821;Kota Kinabalu;SABAH
88822;Kota Kinabalu;SABAH
88823;Kota Kinabalu;SABAH
88824;Kota Kinabalu;SABAH
88825;Kota Kinabalu;SABAH
88826;Kota Kinabalu;SABAH
88827;Kota Kinabalu;SABAH
88828;Kota Kinabalu;SABAH
88829;Kota Kinabalu;SABAH
88830;Kota Kinabalu;SABAH
88831;Kota Kinabalu;SABAH
88832;Kota Kinabalu;SABAH
88833;Kota Kinabalu;SABAH
88834;Kota Kinabalu;SABAH
88835;Kota Kinabalu;SABAH
88836;Kota Kinabalu;SABAH
88837;Kota Kinabalu;SABAH
88838;Kota Kinabalu;SABAH
88839;Kota Kinabalu;SABAH
88840;Kota Kinabalu;SABAH
88841;Kota Kinabalu;SABAH
88842;Kota Kinabalu;SABAH
88843;Kota Kinabalu;SABAH
88844;Kota Kinabalu;SABAH
88845;Kota Kinabalu;SABAH
88846;Kota Kinabalu;SABAH
88847;Kota Kinabalu;SABAH
88848;Kota Kinabalu;SABAH
88849;Kota Kinabalu;SABAH
88850;Kota Kinabalu;SABAH
88851;Kota Kinabalu;SABAH
88852;Kota Kinabalu;SABAH
88853;Kota Kinabalu;SABAH
88854;Kota Kinabalu;SABAH
88855;Kota Kinabalu;SABAH
88856;Likas;SABAH
88857;Inanam;SABAH
88858;Tanjung Aru;SABAH
88860;Kota Kinabalu;SABAH
88861;Kota Kinabalu;SABAH
88862;Kota Kinabalu;SABAH
88863;Kota Kinabalu;SABAH
88865;Kota Kinabalu;SABAH
88866;Kota Kinabalu;SABAH
88867;Kota Kinabalu;SABAH
88868;Kota Kinabalu;SABAH
88869;Kota Kinabalu;SABAH
88870;Kota Kinabalu;SABAH
88871;Kota Kinabalu;SABAH
88872;Kota Kinabalu;SABAH
88873;Kota Kinabalu;SABAH
88874;Kota Kinabalu;SABAH
88875;Kota Kinabalu;SABAH
88900;Kota Kinabalu;SABAH
88901;Kota Kinabalu;SABAH
88902;Kota Kinabalu;SABAH
88903;Kota Kinabalu;SABAH
88904;Kota Kinabalu;SABAH
88905;Kota Kinabalu;SABAH
88906;Kota Kinabalu;SABAH
88988;Kota Kinabalu;SABAH
88990;Kota Kinabalu;SABAH
88991;Kota Kinabalu;SABAH
88992;Kota Kinabalu;SABAH
88993;Kota Kinabalu;SABAH
88994;Kota Kinabalu;SABAH
88995;Kota Kinabalu;SABAH
88996;Kota Kinabalu;SABAH
88997;Kota Kinabalu;SABAH
88998;Kota Kinabalu;SABAH
88999;Kota Kinabalu;SABAH
89000;Keningau;SABAH
89007;Keningau;SABAH
89008;Keningau;SABAH
89009;Keningau;SABAH
89050;Kudat;SABAH
89057;Kudat;SABAH
89058;Kudat;SABAH
89059;Kudat;SABAH
89100;Kota Marudu;SABAH
89107;Kota Marudu;SABAH
89108;Kota Marudu;SABAH
89109;Kota Marudu;SABAH
89150;Kota Belud;SABAH
89157;Kota Belud;SABAH
89158;Kota Belud;SABAH
89159;Kota Belud;SABAH
89200;Tuaran;SABAH
89207;Tuaran;SABAH
89208;Tuaran;SABAH
89209;Tuaran;SABAH
89250;Tamparuli;SABAH
89257;Tamparuli;SABAH
89258;Tamparuli;SABAH
89259;Tamparuli;SABAH
89260;Beverly;SABAH
89300;Ranau;SABAH
89307;Ranau;SABAH
89308;Ranau;SABAH
89309;Ranau;SABAH
89500;Penampang;SABAH
89507;Penampang;SABAH
89508;Penampang;SABAH
89509;Penampang;SABAH
89600;Papar;SABAH
89607;Papar;SABAH
89608;Papar;SABAH
89609;Papar;SABAH
89650;Tambunan;SABAH
89657;Tambunan;SABAH
89658;Tambunan;SABAH
89659;Tambunan;SABAH
89700;Bongawan;SABAH
89707;Bongawan;SABAH
89708;Bongawan;SABAH
89709;Bongawan;SABAH
89720;Membakut;SABAH
89727;Membakut;SABAH
89728;Membakut;SABAH
89729;Membakut;SABAH
89740;Kuala Penyu;SABAH
89747;Kuala Penyu;SABAH
89748;Kuala Penyu;SABAH
89749;Kuala Penyu;SABAH
89760;Menumbok;SABAH
89767;Menumbok;SABAH
89768;Menumbok;SABAH
89769;Menumbok;SABAH
89800;Beaufort;SABAH
89807;Beaufort;SABAH
89808;Beaufort;SABAH
89809;Beaufort;SABAH
89850;Sipitang;SABAH
89857;Sipitang;SABAH
89858;Sipitang;SABAH
89859;Sipitang;SABAH
89900;Tenom;SABAH
89907;Tenom;SABAH
89908;Tenom;SABAH
89909;Tenom;SABAH
89950;Nabawan;SABAH
89957;Nabawan;SABAH
89958;Nabawan;SABAH
89959;Nabawan;SABAH
90000;Sandakan;SABAH
90009;Sandakan;SABAH
90100;Beluran;SABAH
90107;Beluran;SABAH
90109;Beluran;SABAH
90200;Kota Kinabatangan;SABAH
90300;Sandakan;SABAH
90307;Sandakan;SABAH
90400;Pamol;SABAH
90700;Sandakan;SABAH
90701;Sandakan;SABAH
90702;Sandakan;SABAH
90703;Sandakan;SABAH
90704;Sandakan;SABAH
90705;Sandakan;SABAH
90706;Sandakan;SABAH
90707;Sandakan;SABAH
90708;Sandakan;SABAH
90709;Sandakan;SABAH
90711;Sandakan;SABAH
90712;Sandakan;SABAH
90713;Sandakan;SABAH
90714;Sandakan;SABAH
90715;Sandakan;SABAH
90716;Sandakan;SABAH
90717;Sandakan;SABAH
90718;Sandakan;SABAH
90719;Sandakan;SABAH
90720;Sandakan;SABAH
90721;Sandakan;SABAH
90722;Sandakan;SABAH
90723;Sandakan;SABAH
90724;Sandakan;SABAH
90725;Sandakan;SABAH
90726;Sandakan;SABAH
90727;Sandakan;SABAH
90728;Sandakan;SABAH
90729;Sandakan;SABAH
90730;Sandakan;SABAH
90731;Sandakan;SABAH
90732;Sandakan;SABAH
90733;Sandakan;SABAH
90734;Sandakan;SABAH
90735;Sandakan;SABAH
90736;Sandakan;SABAH
90737;Sandakan;SABAH
90738;Sandakan;SABAH
90739;Sandakan;SABAH
90740;Sandakan;SABAH
90741;Sandakan;SABAH
91000;Tawau;SABAH
91007;Tawau;SABAH
91008;Tawau;SABAH
91009;Tawau;SABAH
91010;Tawau;SABAH
91011;Tawau;SABAH
91012;Tawau;SABAH
91013;Tawau;SABAH
91014;Tawau;SABAH
91015;Tawau;SABAH
91016;Tawau;SABAH
91017;Tawau;SABAH
91018;Tawau;SABAH
91019;Tawau;SABAH
91020;Tawau;SABAH
91021;Tawau;SABAH
91022;Tawau;SABAH
91023;Tawau;SABAH
91024;Tawau;SABAH
91025;Tawau;SABAH
91026;Tawau;SABAH
91027;Tawau;SABAH
91028;Tawau;SABAH
91029;Tawau;SABAH
91030;Tawau;SABAH
91031;Tawau;SABAH
91032;Tawau;SABAH
91033;Tawau;SABAH
91034;Tawau;SABAH
91035;Tawau;SABAH
91100;Lahad Datu;SABAH
91109;Lahad Datu;SABAH
91110;Lahad Datu;SABAH
91111;Lahad Datu;SABAH
91112;Lahad Datu;SABAH
91113;Lahad Datu;SABAH
91114;Lahad Datu;SABAH
91115;Lahad Datu;SABAH
91116;Lahad Datu;SABAH
91117;Lahad Datu;SABAH
91118;Lahad Datu;SABAH
91119;Lahad Datu;SABAH
91120;Lahad Datu;SABAH
91121;Lahad Datu;SABAH
91122;Lahad Datu;SABAH
91123;Lahad Datu;SABAH
91124;Lahad Datu;SABAH
91125;Lahad Datu;SABAH
91126;Lahad Datu;SABAH
91127;Lahad Datu;SABAH
91128;Lahad Datu;SABAH
91150;Lahad Datu;SABAH
91200;Kunak;SABAH
91207;Kunak;SABAH
91209;Kunak;SABAH
91300;Semporna;SABAH
91307;Semporna;SABAH
91308;Semporna;SABAH
91309;Semporna;SABAH
93000;Kuching;SERAWAK
93010;Kuching;SERAWAK
93050;Kuching;SERAWAK
93100;Kuching;SERAWAK
93150;Kuching;SERAWAK
93200;Kuching;SERAWAK
93250;Kuching;SERAWAK
93300;Kuching;SERAWAK
93350;Kuching;SERAWAK
93400;Kuching;SERAWAK
93450;Kuching;SERAWAK
93500;Kuching;SERAWAK
93502;Kuching;SERAWAK
93503;Kuching;SERAWAK
93504;Kuching;SERAWAK
93505;Kuching;SERAWAK
93506;Kuching;SERAWAK
93507;Kuching;SERAWAK
93508;Kuching;SERAWAK
93514;Kuching;SERAWAK
93516;Kuching;SERAWAK
93517;Kuching;SERAWAK
93518;Kuching;SERAWAK
93519;Kuching;SERAWAK
93520;Kuching;SERAWAK
93527;Kuching;SERAWAK
93529;Kuching;SERAWAK
93532;Kuching;SERAWAK
93540;Kuching;SERAWAK
93550;Kuching;SERAWAK
93551;Kuching;SERAWAK
93552;Kuching;SERAWAK
93554;Kuching;SERAWAK
93556;Kuching;SERAWAK
93558;Kuching;SERAWAK
93560;Kuching;SERAWAK
93564;Kuching;SERAWAK
93566;Kuching;SERAWAK
93570;Kuching;SERAWAK
93572;Kuching;SERAWAK
93576;Kuching;SERAWAK
93578;Kuching;SERAWAK
93582;Kuching;SERAWAK
93586;Kuching;SERAWAK
93590;Kuching;SERAWAK
93592;Kuching;SERAWAK
93594;Kuching;SERAWAK
93596;Kuching;SERAWAK
93600;Kuching;SERAWAK
93604;Kuching;SERAWAK
93606;Kuching;SERAWAK
93608;Kuching;SERAWAK
93609;Kuching;SERAWAK
93610;Kuching;SERAWAK
93612;Kuching;SERAWAK
93614;Kuching;SERAWAK
93618;Kuching;SERAWAK
93619;Kuching;SERAWAK
93620;Kuching;SERAWAK
93626;Kuching;SERAWAK
93628;Kuching;SERAWAK
93632;Kuching;SERAWAK
93634;Kuching;SERAWAK
93648;Kuching;SERAWAK
93658;Kuching;SERAWAK
93660;Kuching;SERAWAK
93661;Kuching;SERAWAK
93662;Kuching;SERAWAK
93670;Kuching;SERAWAK
93672;Kuching;SERAWAK
93677;Kuching;SERAWAK
93690;Kuching;SERAWAK
93694;Kuching;SERAWAK
93700;Kuching;SERAWAK
93702;Kuching;SERAWAK
93704;Kuching;SERAWAK
93706;Kuching;SERAWAK
93708;Kuching;SERAWAK
93710;Kuching;SERAWAK
93712;Kuching;SERAWAK
93714;Kuching;SERAWAK
93716;Kuching;SERAWAK
93718;Kuching;SERAWAK
93720;Kuching;SERAWAK
93722;Kuching;SERAWAK
93724;Kuching;SERAWAK
93726;Kuching;SERAWAK
93728;Kuching;SERAWAK
93730;Kuching;SERAWAK
93732;Kuching;SERAWAK
93734;Kuching;SERAWAK
93736;Kuching;SERAWAK
93738;Kuching;SERAWAK
93740;Kuching;SERAWAK
93742;Kuching;SERAWAK
93744;Kuching;SERAWAK
93746;Kuching;SERAWAK
93748;Kuching;SERAWAK
93750;Kuching;SERAWAK
93752;Kuching;SERAWAK
93754;Kuching;SERAWAK
93756;Kuching;SERAWAK
93758;Kuching;SERAWAK
93760;Kuching;SERAWAK
93762;Kuching;SERAWAK
93764;Kuching;SERAWAK
93900;Kuching;SERAWAK
93902;Kuching;SERAWAK
93904;Kuching;SERAWAK
93906;Kuching;SERAWAK
93908;Kuching;SERAWAK
93910;Kuching;SERAWAK
93912;Kuching;SERAWAK
93914;Kuching;SERAWAK
93916;Kuching;SERAWAK
93990;Kuching;SERAWAK
94000;Bau;SERAWAK
94007;Bau;SERAWAK
94009;Bau;SERAWAK
94200;Siburan;SERAWAK
94300;Kota Samarahan;SERAWAK
94500;Lundu;SERAWAK
94507;Lundu;SERAWAK
94509;Lundu;SERAWAK
94600;Asajaya;SERAWAK
94650;Kabong;SERAWAK
94700;Serian;SERAWAK
94707;Serian;SERAWAK
94709;Serian;SERAWAK
94750;Serian;SERAWAK
94760;Serian;SERAWAK
94800;Simunjan;SERAWAK
94807;Simunjan;SERAWAK
94809;Simunjan;SERAWAK
94850;Sebuyau;SERAWAK
94900;Lingga;SERAWAK
94950;Pusa;SERAWAK
95000;Sri Aman;SERAWAK
95007;Sri Aman;SERAWAK
95008;Sri Aman;SERAWAK
95009;Sri Aman;SERAWAK
95300;Roban;SERAWAK
95400;Saratok;SERAWAK
95407;Saratok;SERAWAK
95409;Saratok;SERAWAK
95500;Debak;SERAWAK
95600;Spaoh;SERAWAK
95700;Betong;SERAWAK
95707;Betong;SERAWAK
95709;Betong;SERAWAK
95800;Engkilili;SERAWAK
95900;Lubok Antu;SERAWAK
96000;Sibu;SERAWAK
96007;Sibu;SERAWAK
96008;Sibu;SERAWAK
96009;Sibu;SERAWAK
96100;Sarikei;SERAWAK
96107;Sarikei;SERAWAK
96108;Sarikei;SERAWAK
96109;Sarikei;SERAWAK
96150;Belawai;SERAWAK
96200;Daro;SERAWAK
96250;Matu;SERAWAK
96300;Dalat;SERAWAK
96307;Dalat;SERAWAK
96309;Dalat;SERAWAK
96350;Balingian;SERAWAK
96400;Mukah;SERAWAK
96410;Mukah;SERAWAK
96500;Bintangor;SERAWAK
96507;Bintangor;SERAWAK
96508;Bintangor;SERAWAK
96509;Bintangor;SERAWAK
96600;Julau;SERAWAK
96700;Kanowit;SERAWAK
96707;Kanowit;SERAWAK
96709;Kanowit;SERAWAK
96800;Kapit;SERAWAK
96807;Kapit;SERAWAK
96809;Kapit;SERAWAK
96850;Song;SERAWAK
96900;Belaga;SERAWAK
96950;Belaga;SERAWAK
97000;Bintulu;SERAWAK
97007;Bintulu;SERAWAK
97008;Bintulu;SERAWAK
97009;Bintulu;SERAWAK
97010;Bintulu;SERAWAK
97011;Bintulu;SERAWAK
97012;Bintulu;SERAWAK
97013;Bintulu;SERAWAK
97014;Bintulu;SERAWAK
97015;Bintulu;SERAWAK
97100;Sebauh;SERAWAK
97200;Tatau;SERAWAK
97300;Bintulu;SERAWAK
98000;Miri;SERAWAK
98007;Miri;SERAWAK
98008;Miri;SERAWAK
98009;Miri;SERAWAK
98050;Baram;SERAWAK
98057;Baram;SERAWAK
98058;Baram;SERAWAK
98059;Baram;SERAWAK
98100;Lutong;SERAWAK
98107;Lutong;SERAWAK
98109;Lutong;SERAWAK
98150;Bekenu;SERAWAK
98157;Bekenu;SERAWAK
98159;Bekenu;SERAWAK
98200;Niah;SERAWAK
98300;Long Lama;SERAWAK
98700;Limbang;SERAWAK
98707;Limbang;SERAWAK
98708;Limbang;SERAWAK
98709;Limbang;SERAWAK
98750;Nanga Medamit;SERAWAK
98800;Sundar;SERAWAK
98850;Lawas;SERAWAK
98857;Lawas;SERAWAK
98859;Lawas;SERAWAK
